191.379435,204.158285,216.920009,229.691678,242.451873,255.224314,266.722114,279.486506,292.246322,303.741873,316.565138,328.043553,340.762129,352.242009,364.959973,376.410248,389.125828,401.845189,414.560912,427.303423,440.060582,452.819694,NaN,NaN,NaN,NaN,NaN,NaN,NaN,NaN,NaN
1536727761.73872,176107750.087075,6466148.15476267,9547366770.79081,51362917788.3361,162524816.270433,6712293880613.79,45094838192.3649,23112797808.6511,23964785.2063345,8733598.81577303,12861049450896.6,12865903.1223188,230654.705094683,20400303.5591101,6459088632666.94,52.4032223801874,26.1455175014099,10.7178941056691,11.3903204824195,304921753773652,7.78071385099111e-10,NaN,NaN,NaN,NaN,NaN,NaN,NaN,NaN,NaN
187.897859,200.681422,213.410337,224.75986,237.39905,248.795273,261.455989,274.112296,286.765609,298.158832,310.805623,322.194204,334.797138,347.407775,358.754366,371.36591,382.710712,395.360855,408.01151,420.66964,433.299132,445.906702,458.510942,471.117242,NaN,NaN,NaN,NaN,NaN,NaN,NaN
777723045.277486,3445420727.17375,1027498588.9157,100717364.763699,3910855934.77513,60319673.2034573,891435.056954262,4047831536.27532,8749281.22899575,28554651862.2269,778138807.550122,55972284518568.6,576304090.281506,4.97818176870102,5447536.5091633,57700283560.1491,368215041.462934,0.0756371251401351,8680685.57183287,7670283.77823817,11.5802707104379,3.37609910219739,123.506774493795,3.47166073666472e-10,NaN,NaN,NaN,NaN,NaN,NaN,NaN
188.629092,201.613981,214.413408,227.203483,239.994826,252.743634,264.215112,276.96526,288.44604,301.217348,312.733622,325.531472,337.037794,349.82286,361.326957,372.842024,384.351382,395.88037,407.382009,418.856693,430.331407,441.805363,453.280134,466.04275,477.5218,490.278681,503.034087,515.784819,NaN,NaN,NaN
351612853.274389,49036874159.2957,157912508.01039,244290277027.61,53803664640.1341,203398233.056804,713232.510921355,156606974.573834,5683680.72269776,469547008.023694,7647338566.81925,42554679.0491866,2009462967.21751,542902490.893686,33898474259.3501,448153960216.663,124790803536.447,81914122550.5627,2425633.85603191,318768171631950,4.92932570308114e+15,61934257213970.5,196520622534803,79203.9577184405,198466659853044,2945.92571016091,14551148.5640502,3.73212571957993e-12,NaN,NaN,NaN
186.86513,199.637866,212.36447,225.087155,237.795922,250.48771,263.210828,274.632179,287.31571,298.781905,311.513144,322.953371,335.661355,347.146549,359.881146,372.574293,385.292095,398.01175,410.735404,423.475307,436.213102,NaN,NaN,NaN,NaN,NaN,NaN,NaN,NaN,NaN,NaN
13756566724.102,27744696.0694666,16791100793.6182,46102708.478987,278437251.387417,12537023021.3018,11967567106.8736,85615155474.6472,1818764409805.25,4865292761852.65,190934338568858,1124417943681.43,2377321496.00934,2368815248792.45,2612186184.20162,612568926481754,271350801856930,151703831740618,802.972110654408,1.4927020146607,1.18127729820117e-13,NaN,NaN,NaN,NaN,NaN,NaN,NaN,NaN,NaN,NaN
188.01546,200.778611,213.4766,226.196399,238.938398,251.603162,263.005192,275.666362,287.069078,299.806296,312.550576,324.022088,336.77895,349.550516,362.318406,373.791794,385.240318,396.668175,409.346153,422.017583,434.688941,NaN,NaN,NaN,NaN,NaN,NaN,NaN,NaN,NaN,NaN
34580273822.2346,809614999840.058,418974690.594134,203303653.709631,10780934.7484156,255806370.565213,5772141780.4456,10496380167.0536,1409705444.85108,951.27884097734,367359.149718001,154317061831279,65863165499291.2,294096523.339799,7352949.8086507,5155648.32196836,459146.354670575,4165562527.07876,498001758674926,7.25983717586587e-11,1.47061474109478e-10,NaN,NaN,NaN,NaN,NaN,NaN,NaN,NaN,NaN,NaN
184.062195,196.686142,209.363027,220.763233,232.171852,243.577918,254.992673,267.654153,279.064781,291.742565,303.115368,315.780761,328.445373,341.110203,352.512917,365.27384,376.697437,388.099996,399.509626,410.91508,422.322369,433.740422,445.133048,456.49922,NaN,NaN,NaN,NaN,NaN,NaN,NaN
13571731270.4792,43404025813.2118,517834509.260452,7576620.89958093,3675847.04116679,24057017810.5179,832923552.679648,330082192.766585,6492148.71727244,93356.1833943578,3328110.27681823,84439.8743410429,82990.3703942296,405.928611335515,13800.0871567812,21813.4444804219,986252.437324053,1616371.07193849,118.104962147518,24251308.445342,3485718.95142478,74.9567408073601,241.244835440488,2.16195950031306e-11,NaN,NaN,NaN,NaN,NaN,NaN,NaN
187.284209,199.963022,212.63247,225.258658,237.88522,250.554925,261.957678,274.630762,286.056731,298.724444,310.148613,322.823948,334.247757,346.910065,358.271945,369.631336,382.255819,393.615396,404.975981,416.337218,428.970512,441.599997,454.224966,466.863145,479.526978,492.172953,504.788533,517.412683,NaN,NaN,NaN
60066.7750230608,423779.305688716,261165.912421254,22789.8730988394,76493.9474652311,19607368.0658103,14004903.2391245,5978999.58931765,487407893.019056,1133266453.83528,518868707.664886,281995988.032191,465709340826.371,233335513.76617,2108311658730.6,102.064324823793,93702136.1144295,769260192709.235,2679396.92279959,389288.348491316,22198506.598044,363665029194165,61357035.8709493,1.32051856640507e+15,24663299.3630596,5.79746496770891,24980598.7836249,9.09414765715155e-11,NaN,NaN,NaN
185.677491,198.303639,210.858349,222.159766,234.713638,246.074838,258.682171,270.045669,282.598312,295.187664,307.79856,320.400452,332.975737,345.573319,358.182237,370.789785,383.393785,394.742518,407.349272,419.947911,NaN,NaN,NaN,NaN,NaN,NaN,NaN,NaN,NaN,NaN,NaN
20667.5905978617,105876.870781043,3821.27350617896,91341.2862108847,2990858.75835893,8394705939.77221,263.863089437764,353841843094.854,175995.388164961,967685688175.316,22611415715.9739,158578.076342301,97651923.5317601,0.000323346205362007,1.41316695274618e-05,2.954566216129e-07,4.04276945253912e-09,1.16744391931434e-11,2.49953391318058e-11,1.82949211335881e-11,NaN,NaN,NaN,NaN,NaN,NaN,NaN,NaN,NaN,NaN,NaN
184.726209,197.586504,210.422692,223.191251,235.958319,248.758532,261.48016,272.937738,285.656483,297.117689,309.846785,321.302786,334.022861,346.747356,359.4751,370.935972,383.673028,395.178456,406.673693,418.186272,429.67901,441.171626,452.66484,465.44078,478.205898,490.970705,NaN,NaN,NaN,NaN,NaN
310249664942.672,1872537007548.21,145230285.51057,2740694.21278632,58367739.5951422,19773052.6890295,813870.54494792,740167071.852324,168191903.360628,1222505.10947986,276166176.019755,577403818125.983,12109828.5431676,4232865583.46935,136141189.312482,243727072728.965,112700721.470334,180959562783.518,451865644593777,247832014352.372,18659377933425.3,238493665214.097,483469429855867,366614.639740565,6375316.44748921,1.84208204245806e-10,NaN,NaN,NaN,NaN,NaN
191.598693,204.390176,217.17999,229.958658,242.725221,255.453756,268.202785,279.689527,292.455101,305.226493,317.998513,329.471821,342.20606,354.931532,366.435152,377.938491,389.444109,402.219093,413.746012,425.253298,438.035714,449.537738,461.027771,NaN,NaN,NaN,NaN,NaN,NaN,NaN,NaN
64736.5939960423,82301.6242792551,24862131.5110448,576758.69273499,92182376.261063,68436117.8284814,1526420897.92844,315610.156627718,866420530.76834,688859935.95431,88440121.0184321,3557674.92356054,45193770965.2875,46148394371.1978,63973.3912436157,44900.2396412511,6980433959866.81,9255.90439518826,2097.49889430504,10298.3023013273,261510.970888817,4579.38828711831,4.3698822338456e-11,NaN,NaN,NaN,NaN,NaN,NaN,NaN,NaN
183.266424,195.96627,208.684496,220.152752,231.598305,244.331787,255.779107,268.500438,281.21507,292.662341,305.390753,316.836438,328.282519,341.001275,353.719998,365.16289,376.602131,389.283049,401.963313,414.634549,427.305858,439.975464,452.652105,NaN,NaN,NaN,NaN,NaN,NaN,NaN,NaN
162492983225.231,26491829687.3163,49619887015.1992,1259672050228.11,5847203937081.2,337292941305.347,107010361165.046,29538.7714645837,3243310.09832464,7276874.76052137,236490820416.587,100812977039.217,49255574.3629411,149277379.612016,149499453.399004,2153.00383575985,91239079273846.9,80873425853.8281,1581737.57352146,76389141815.7017,1216995083778.94,304.536442623338,2.3031088147718e-10,NaN,NaN,NaN,NaN,NaN,NaN,NaN,NaN
188.949717,201.695442,214.444667,225.939518,238.695373,251.445298,264.195447,275.67838,288.428241,299.906291,312.652885,325.405928,336.876516,349.622472,362.380732,375.122185,387.87584,400.614528,413.360532,426.107712,438.820879,450.247898,461.716104,473.194574,484.68537,NaN,NaN,NaN,NaN,NaN,NaN
2273417694.47917,842319350.653009,432499311.806542,9651777.45174185,650289461.281882,15274730.8534085,20963628330.0689,31335224637.5302,613510743.116487,7422420327412.16,319917.073649362,1458059867143.2,41845739.3552023,14090547296612.4,41869785148.686,2157526298.37196,49522964699.9667,43114165836.9184,50194739007.5312,3735984963.41855,35077015463.6982,5896845180.38864,0.0112714020075211,85775737313.4971,4.41064962330984e-11,NaN,NaN,NaN,NaN,NaN,NaN
193.831681,206.555908,219.264884,230.67397,242.115826,253.606736,265.051722,277.778646,290.450337,303.125026,315.801435,328.483269,341.153802,353.824413,366.503414,379.170415,391.847282,404.517618,417.190774,428.597798,440.00861,452.678324,465.348231,NaN,NaN,NaN,NaN,NaN,NaN,NaN,NaN
1532331280.79441,20736192257.5217,845796302772.604,6243692028.74091,656185362.723355,9428755473.42352,364557119994.002,585148.510295255,695912.820291681,720320.164880632,83430552663.8322,219871166.038934,4490725.32584184,5647295010553.64,3189976428939.99,4587026206104,113.034924828477,28.8392220135206,25.4364952946421,0.938390557857319,4.87123493436837e+16,0.598557504808424,9.90780790743884e-11,NaN,NaN,NaN,NaN,NaN,NaN,NaN,NaN
188.780198,201.520998,214.251977,226.946334,239.635898,252.319985,265.019897,276.435994,289.091554,300.468752,313.118237,324.507629,337.152229,348.543642,361.18962,373.839781,386.492728,399.175724,411.863902,424.575472,437.256258,449.94216,462.625794,475.313222,488.009019,NaN,NaN,NaN,NaN,NaN,NaN
5240621.94072324,421738.53841289,5572569.73403042,45451027.8164729,110886396.802056,2270859.76933782,753201720.686692,1818833930.27511,23211916.4338289,38556485955.134,115221533.311441,6030256607.01308,19857222496.1899,274714468045.521,972294.70836164,793990870.217448,556025.093184247,518557.609272352,422950095.374556,5.25475225660591,17585664530259.7,175264.942024977,0.0228136994892312,0.00414819979866188,6.5838445806321e-10,NaN,NaN,NaN,NaN,NaN,NaN
192.786357,205.431113,218.077388,229.451667,242.089186,254.732366,266.143177,278.832248,290.272444,302.955611,314.367935,327.056373,339.741858,352.45262,365.131079,376.551722,389.236272,401.907859,414.577948,427.25405,439.92627,452.605685,464.00504,NaN,NaN,NaN,NaN,NaN,NaN,NaN,NaN
3222905.47479212,193784.259304726,6377773.62910738,2437672.55894916,78212740.8682975,305407.886718608,28963.9216221644,5680163.54437012,140117.404176937,27.5533416809911,13.8019861955385,117.169972121304,22912.0862733384,55884.092665784,66296.315787407,2542542.5720357,48.5528456658242,15.1539202230673,104.711448083981,87.1133190533866,85.6971495548948,85.8616745722796,9.09530228909716e-11,NaN,NaN,NaN,NaN,NaN,NaN,NaN,NaN
188.475262,201.350642,214.114207,226.79913,239.535472,252.25574,264.976149,277.700505,290.419277,303.093321,315.756998,328.435577,339.840743,352.512435,365.189212,377.878392,390.554719,403.234509,415.899447,428.57317,NaN,NaN,NaN,NaN,NaN,NaN,NaN,NaN,NaN,NaN,NaN
578399520.012194,703639273.586667,817703699.586826,119119661551.707,7831075.92255556,781164771.187979,11980632.6904197,104317520.679745,2777379.13196014,39371647.1649881,2188477.77299855,90032890.5775564,1037358024281.84,1.92163730391324e+15,4903103850174.01,45407951584725.3,2222629.16616792,2127544.84720188,2111137.65745363,2.60972132792858e-10,NaN,NaN,NaN,NaN,NaN,NaN,NaN,NaN,NaN,NaN,NaN
192.933508,205.626598,218.307884,230.998696,243.674025,256.351428,269.025975,280.43579,293.110961,304.523705,317.20612,328.623827,341.306754,353.996172,366.700171,379.390639,392.082104,404.769799,416.18731,428.881281,441.565746,454.259373,466.947892,NaN,NaN,NaN,NaN,NaN,NaN,NaN,NaN
35324423.434057,347273.480732754,522857.771187593,338858588.417761,953155180.01056,72510365.3434126,1223375031.69442,5224811683.49494,126621262734.148,48309330.4204032,3310653.69148876,12497.1386030341,0.00928363647079156,115397773227265,0.0137841241448178,0.000323158687546954,3.54355023057806e-06,1.88669652567697e-06,1.24886963881465e-07,1.97361682552355e-10,2.47979414780275e-12,4.46394032849184e-11,5.72324410086367e-11,NaN,NaN,NaN,NaN,NaN,NaN,NaN,NaN
191.390382,204.12154,216.853219,228.308082,241.033977,253.757314,266.479795,279.205852,290.661315,303.388595,314.833237,327.563493,339.042386,351.800244,363.260126,376.057961,388.80149,401.527014,414.242437,426.965879,439.677471,452.398242,465.156074,477.915054,NaN,NaN,NaN,NaN,NaN,NaN,NaN
457136234968.964,42773276554.7506,6570066055.4423,41726509614273.6,3111807457741.33,36562017438033.6,15358183.8368182,22742974349853.1,1462497672.51508,1193137160.30214,76637.4107324193,540348.139475893,12308724.0281213,117686603.27498,16688564813.6609,3174760565.30122,42085836973.5691,3723681204886.11,10397898986460.2,25955236.9373896,85016766.1098694,183.778998666025,15.7560480761425,1.10600417713158e-11,NaN,NaN,NaN,NaN,NaN,NaN,NaN
187.199407,200.113126,212.873136,224.364815,235.84316,247.328544,258.80569,271.561325,283.045512,295.801834,308.547713,321.295576,334.036169,346.743542,359.475917,372.217184,383.722292,395.190399,407.940143,420.68671,433.441625,446.185741,458.905563,471.656227,NaN,NaN,NaN,NaN,NaN,NaN,NaN
7409272532.45354,85110802.01261,288024132.912269,3.87688927894515e+15,11286456.2447962,47694005.1768023,3859069075.41422,246226826.880554,102097070.036012,5904.59518747167,361574.627193912,13594526.2671298,48161.2754676652,495.32238699807,2274355.45737813,4798203.1425469,2042151335121.02,112718368798.404,2548732.45184237,30.5886763631215,0.00237721948580294,38.6027432517321,18.4052444306871,1.58423940632701e-10,NaN,NaN,NaN,NaN,NaN,NaN,NaN
183.306815,196.040226,208.72221,220.155445,231.621916,243.066804,254.521298,267.243592,278.699106,291.410985,302.812533,315.486617,326.894,338.296119,350.973917,363.651894,376.328628,389.008563,401.688774,414.364925,427.031492,NaN,NaN,NaN,NaN,NaN,NaN,NaN,NaN,NaN,NaN
31155221795.2539,104391740.878275,6729526.90501124,8963822839.98586,13821503250.8238,62227244.7015377,175972096621.356,349781285.696174,623285603.926655,754045444.862887,2297791417.44536,3599412.84257366,20433319877877.8,0.0156311226039256,0.000226009502475089,0.000149256367170114,1.54246011963011e-07,8.71301697458193e-10,5.01082952908405e-10,1.16443743536365e-10,6.58604282222086e-11,NaN,NaN,NaN,NaN,NaN,NaN,NaN,NaN,NaN,NaN
187.264365,200.031429,212.797838,225.559313,238.317442,251.070703,262.551167,275.30202,286.78538,299.546301,311.050894,323.803132,335.277818,348.033802,360.786557,373.536756,385.010148,396.491047,407.968518,420.745051,432.224761,NaN,NaN,NaN,NaN,NaN,NaN,NaN,NaN,NaN,NaN
692387.067846301,263492.454778722,1192572.08494772,62028929.9213872,153198.287591336,29716.2352722789,24630481.521047,105902.340807049,1518910679.12965,100162221990.197,42383404001505,127744767584661,360343360136.481,12560922467147.2,3432154062937.63,652199802.873486,137841.472656067,10474356.4556186,54452922.006126,137867.544888298,2.28745911101669e-10,NaN,NaN,NaN,NaN,NaN,NaN,NaN,NaN,NaN,NaN
196.961595,209.712755,222.460787,235.175095,247.882724,260.594992,273.300848,286.011532,298.719603,310.158865,322.87391,335.596275,348.315586,361.034239,373.756624,386.540361,399.292087,413.539104,427.042463,439.839563,452.620875,465.372251,478.129063,NaN,NaN,NaN,NaN,NaN,NaN,NaN,NaN
141222.58647126,2535248.83379699,2028442.22001942,48009396.6138309,686851.174185164,229362.691856103,313870.351530837,34107357780.0801,126326.820474363,63822127.7041691,2514373.71432628,55569003.8297536,42277810.6457844,53229860436065.2,6468176.38047686,11988325.5149808,62230600.4723655,20864954.1028101,2285488.08823567,730634.515499621,51110.7882093031,8394.52440642207,2.9301450155117e-11,NaN,NaN,NaN,NaN,NaN,NaN,NaN,NaN
186.670149,199.425807,212.181118,224.932526,237.675597,250.425606,261.906514,274.682293,286.210401,299.0177,310.551587,322.079399,334.879493,346.414803,359.23509,370.777416,382.260771,395.017317,407.766353,420.535064,433.358378,446.163107,458.957164,471.744271,484.541718,497.376204,510.178904,522.971528,NaN,NaN,NaN
1544444.63230903,653703.896835951,1844453.99895142,1236693.58714577,16200206.7885599,20785331.9209079,13800916706.11,55528017869.4754,14698181383.9175,437341895.182203,1902092567447.85,15772561.2942445,569608980.851789,72288441068.758,2183376140.22133,13140880114.5872,601559273474.248,175071554.071393,1294014.01660608,102243455.595442,43493074.3441366,40647548.5582677,10075.500097611,1071.73107048675,1670.76562347629,21286.5807270299,39692088.8125164,1.49773926594321e-09,NaN,NaN,NaN
191.769386,204.82935,217.611563,230.332186,243.047167,255.764121,268.449164,279.857078,292.530685,303.938433,316.625011,328.028852,340.699428,353.37014,366.044157,378.756754,391.431595,404.104182,416.76673,429.431145,440.827179,453.509787,NaN,NaN,NaN,NaN,NaN,NaN,NaN,NaN,NaN
34951.6725008007,53971.6012105205,820428.988028638,2149567388.20164,112651737.494011,364553927.902674,88932328008.5959,1669031881.33718,5335.18696346147,19742178.694346,38759101181.5035,7514443711107.1,578495.302210636,5352969.13582032,199783293092496,253872.64652815,579619.2180239,493014.029101727,326558.365788216,483739285038871,870508.351527149,3.02879499258779e-10,NaN,NaN,NaN,NaN,NaN,NaN,NaN,NaN,NaN
188.516625,201.261481,213.955962,226.671561,239.403627,252.149924,264.880406,276.346943,289.081185,300.520568,313.213021,324.642133,337.333532,348.760512,361.453946,372.885328,384.315731,397.049968,408.510523,419.975062,432.71068,445.448372,458.190711,NaN,NaN,NaN,NaN,NaN,NaN,NaN,NaN
113596384176.044,17624859.9217095,7351857.8781549,296573487.53988,523997110.562991,450001551446.24,439057208.532661,577198810.449018,34303370.8271927,128997403.578479,67308.2334529681,3378602240248.38,481414.556152233,799804326299.978,75650.6757515886,528462917120.574,34001785392937.3,6169653.42376589,6790462705935.2,3086332844457.67,33584853.9935253,102386.842552296,2.89021695465408e-10,NaN,NaN,NaN,NaN,NaN,NaN,NaN,NaN
191.552313,204.479796,217.223685,229.94235,242.664681,255.384441,268.106379,279.561969,292.276917,303.730052,316.449146,327.901752,340.632412,353.31518,365.996583,378.675795,391.365358,404.054709,416.737898,429.424682,442.11847,454.79435,467.481404,NaN,NaN,NaN,NaN,NaN,NaN,NaN,NaN
40294639.9350029,4564976.11520292,3667886.96932451,1207090.62066286,462102923122.241,12399719.3004847,1082469672.65164,2768336.13019046,101034933.375173,1031152453.31296,51701231.5563584,56104649288.5814,92677069.4336214,2054927.5158707,322620210.576331,26617583.1020654,7049070.02459375,306504.956338052,11138.1955284312,12483.608501101,22018.292941241,6438.84595044432,7.97812926833785e-11,NaN,NaN,NaN,NaN,NaN,NaN,NaN,NaN
195.369014,208.101464,220.849144,233.59116,246.315469,259.034244,271.735424,283.158654,295.87578,307.350658,320.115333,331.586961,344.330617,357.057333,368.494463,381.174527,392.583223,405.260088,416.664526,428.081678,439.49094,450.903227,463.584522,476.278261,488.965609,500.385972,511.797328,NaN,NaN,NaN,NaN
1179651998.90043,9045834370.3994,2490245842923.34,746115748980.912,2771746529610.74,11054589294742.7,395740861610.886,453514477431.435,665452968.969525,543090716286.678,1754886.07227261,439261745079.232,384346931404.102,277570838026.828,89185730.5279706,503700937217.458,14027629765.6922,2617903254797.72,264122595.359522,68251824.3427685,145599170.708496,1760512.40473307,31518327479767.7,104131413712043,88561095209903.9,387365.29391103,1.91846982744437e-10,NaN,NaN,NaN,NaN
188.627729,201.457829,214.175942,226.883968,239.59387,252.298133,265.006009,276.48889,289.229031,300.71681,313.462424,324.935491,337.675919,349.147834,360.619605,372.091769,383.525245,394.962529,406.444735,419.189148,431.943048,444.694862,456.17281,NaN,NaN,NaN,NaN,NaN,NaN,NaN,NaN
105727791.514737,1339482232.11525,103293882.173728,75236964.7457922,38978333.4991055,37758914.2494086,9083735.86010787,2371213507.8664,108575748.277299,406242019.545867,197756.952231981,7546764.61202763,103133.961495298,2506596907697.81,6760966.49914981,7399982.97980806,176341.776174907,160003.136599326,128768.043717252,22959205.5881206,1.14558140751342e-10,2.9571012305496e-11,2.05968575528459e-11,NaN,NaN,NaN,NaN,NaN,NaN,NaN,NaN
189.617365,202.364319,215.082768,227.801802,240.520517,253.230752,264.675876,277.396811,288.838972,301.578162,312.97434,325.673464,337.108602,349.82065,361.226859,372.645509,385.347126,398.054405,410.760416,423.4664,NaN,NaN,NaN,NaN,NaN,NaN,NaN,NaN,NaN,NaN,NaN
532657.465385688,22422.9912517731,85558.921760387,2019003.07500159,1426976667.71915,36605208189.64,166334943.223279,1400674.0811381,204646.656902593,212457.749591633,15762935.8430962,268100.932456299,407772117287.073,663006112.252804,251566113761.72,1453708.21300022,2.4631778762914e+15,3.24449143242243e+17,1.9001080708847e-09,2.08664552303617e-09,NaN,NaN,NaN,NaN,NaN,NaN,NaN,NaN,NaN,NaN,NaN
187.395486,200.155844,212.892115,225.611532,238.322043,251.032255,263.741198,276.450166,289.167724,301.850662,313.267495,325.940619,338.646865,351.356741,364.069075,376.769906,389.476378,402.177495,414.894536,427.644758,440.360556,453.074221,465.780544,NaN,NaN,NaN,NaN,NaN,NaN,NaN,NaN
671224535.713943,33456526034.9987,29102698.0263222,58947909234.3062,232303440840.879,278170957.418068,4170679123473.22,1911885.03040142,84104.4776797052,1090957.08918217,1151665240.96846,20534.019660191,21763.6860369832,2339017.13227436,23209076107527.9,28.1489465233221,7.66756444601962,1.24219480805142,0.601439866442817,29.368571756405,28.6246696794555,2.35197533769229,6.5835603635378e-10,NaN,NaN,NaN,NaN,NaN,NaN,NaN,NaN
185.003208,197.876885,210.706202,223.434372,236.110081,248.803135,261.494833,272.962645,285.685802,297.149906,309.866915,321.30802,333.983108,345.399936,358.118541,369.574803,381.034591,393.762752,405.214518,416.663366,428.109815,440.83381,NaN,NaN,NaN,NaN,NaN,NaN,NaN,NaN,NaN
619494275.127828,501523205.514826,652286148.169112,144912821339.541,4408688348.45448,1632798358.56118,26691133101.4641,6498320590.19444,1644362555.63943,12216461.4896337,248216.080073352,24190114.4961282,304566.966206331,277502154121756,9.19906833628166e+15,1864692815.37652,1761052242.24103,5.86595324953436e+15,183892573157655,108041156702164,137573217525979,1.62953650573172e-10,NaN,NaN,NaN,NaN,NaN,NaN,NaN,NaN,NaN
183.233175,196.061452,208.88189,221.611374,234.331667,247.054278,259.765313,272.476596,285.198479,296.651568,309.373996,320.822398,333.550662,346.302497,359.060106,371.819381,384.578765,397.342362,410.080557,422.793889,434.282992,447.039853,458.513457,469.991262,481.476109,492.967128,504.455862,NaN,NaN,NaN,NaN
224819989701.237,33342126846.3237,687151048.464686,1208757865.03093,975171906474.045,3865755618555.01,2074920469.74559,2236823167795.36,233855532.186108,219356976428.472,2590972190.95614,1345811056.22529,167570264768.481,8796008.27049269,172587667785841,4049613926595.38,634749158042.457,8624892.39153552,2890713718057.15,39881551763939.9,1723224.45967719,8489801416873.21,697158612.064644,1663178249.80738,3301910.96387984,129174537.717983,1.84674497916149e-12,NaN,NaN,NaN,NaN
193.731783,206.603711,219.404655,232.196944,244.978294,257.732168,269.22949,281.993368,294.769063,307.655842,319.310119,332.251028,345.125554,358.063527,371.026976,383.974278,396.868138,409.761806,421.343978,432.959192,444.616463,456.276134,NaN,NaN,NaN,NaN,NaN,NaN,NaN,NaN,NaN
803743852389.589,19808726617.605,2215624050.43413,112152602.509393,3009714.38068863,1793089810.39639,33879432887.9223,11699742.724636,2722256406.72784,22455706212.4866,1201695865.23923,16.2282590842918,2498.34705362293,123506619585685,5520127.9736326,354.662418398313,369.566977338447,265.626832101586,66.2165977621421,372.484632045213,1214359894.73648,7.73847652624227e-11,NaN,NaN,NaN,NaN,NaN,NaN,NaN,NaN,NaN
198.8344,211.747103,224.423026,237.081111,249.743635,262.400644,275.070026,286.461586,299.119558,310.520147,323.179101,334.574445,347.242721,358.642455,371.305618,383.959462,396.616986,409.272575,421.933991,434.595576,445.992216,458.658535,470.057266,NaN,NaN,NaN,NaN,NaN,NaN,NaN,NaN
328.612931316363,790.256677838668,75307.3187106072,135673.706397769,122959350.849591,3280740.54566035,2441694.50740708,1382110.62586756,602065.055630972,38071007.0260949,1161877.29470836,17564456.7631604,50590.2302924573,413241.656071684,42774.8788376342,214296.611649991,656717.612073308,225664.597521143,420778.534415598,376243062288021,1406813.08482113,1.79908887787406e-09,1.61018443023409e-09,NaN,NaN,NaN,NaN,NaN,NaN,NaN,NaN
196.092393,208.772407,221.45635,234.155672,246.841897,259.527909,270.940607,283.630483,295.052516,307.730322,319.138107,331.822585,344.514542,357.203501,369.881437,381.293946,392.708198,404.122147,416.798219,429.481462,NaN,NaN,NaN,NaN,NaN,NaN,NaN,NaN,NaN,NaN,NaN
48112.8519300623,20602.5996004907,104616.455041876,22090.2866204386,4077259358.62323,166825168.090911,174993549.429768,12248705959031.5,590746547.214291,355028623.754374,2699.29365475485,7.03818623968539,3256.70753844292,3256.71203743658,1669312.98956978,8816407.98684929,26275.6214259024,24233.4710942363,27701.7474495329,5.70929969967438e-11,NaN,NaN,NaN,NaN,NaN,NaN,NaN,NaN,NaN,NaN,NaN
185.937984,198.825027,211.616554,223.051143,235.727627,248.406933,259.813643,272.481702,285.10967,297.737946,310.363286,321.73662,333.112969,345.748075,358.380427,371.016357,383.652021,396.291534,408.927948,421.566279,434.198089,446.836096,NaN,NaN,NaN,NaN,NaN,NaN,NaN,NaN,NaN
317552796.817215,448622081.734402,116948517.748484,51896573.2543698,8643535849.79325,188033173861.1,8051542880.6932,20300.2052088454,9795619.06641047,457629174.803711,1835899570.33998,98880702.4424545,16792301625904.9,6326319.94535447,0.00275373062476958,0.000465637733878532,4.1789904663414e-06,2.41612002183089e-07,6.64376997860927e-10,1.74544378950259e-09,2.41303643733204e-10,1.3988810110277e-14,NaN,NaN,NaN,NaN,NaN,NaN,NaN,NaN,NaN
187.97603,200.649101,213.365121,226.088521,238.769334,251.427275,264.105665,276.759056,289.439428,300.84471,313.503049,326.157874,338.817901,350.210298,361.631568,374.328967,387.038353,399.746293,412.448332,425.155488,436.586868,NaN,NaN,NaN,NaN,NaN,NaN,NaN,NaN,NaN,NaN
172237119.485789,22038085.0699403,40829864.237708,521466810411.497,902719859.189065,297250528.791542,18033776.7962657,1264636197.31779,14142198.6959345,1267.20536959528,746568.915188825,224008795.132126,2191806.83795132,32194925005536.4,327570985494922,8676383.46672246,35567931.0897558,13331582438638.8,7343539089416.77,311.887972639723,9.72510960650652e-12,NaN,NaN,NaN,NaN,NaN,NaN,NaN,NaN,NaN,NaN
196.747458,209.588155,222.373492,233.835517,245.349583,256.854418,269.63245,282.402292,295.180592,307.974433,319.48947,332.217458,343.679609,355.131781,367.858028,380.585465,393.312718,406.043575,418.791618,431.572725,444.340015,457.113641,469.87416,482.602036,495.330396,508.059593,NaN,NaN,NaN,NaN,NaN
1591736284.73457,1031955444.99534,5094911205.58592,61798349.877893,2623481013.29335,3741965255.87517,999924815259.363,62110849.6168641,84752.3160630911,5804949673.01184,306932.035551836,1243524.691171,30276058715.7746,1057558953.91548,14830970377.6382,14410324251.8581,315645847.908637,92390204.174883,1.20484635541889e+20,10456400056.4585,2770978175.45138,7454530289.09579,4609959692.99973,2117757.36870868,13754982066.1827,9.4106278325512e-10,NaN,NaN,NaN,NaN,NaN
194.968039,207.610683,220.273516,232.940176,245.602289,258.271076,270.973463,282.380709,295.041103,306.412421,319.035989,330.402235,343.077208,354.478063,367.100531,379.743021,392.406827,405.077514,416.49774,429.165647,441.83,NaN,NaN,NaN,NaN,NaN,NaN,NaN,NaN,NaN,NaN
225828.501411511,1872159.50032674,105463.754921642,68799.4742512576,162067.589144566,26287641.4229516,2629448760.87027,45311207.1456335,297118.577445644,1132206.68665451,4647.00626107664,439397939.815383,782783.248875041,1257.05122308008,140763.075323234,287338.390842234,179588628835993,192653.969967188,371497805.452341,32395.0252572822,2.20204787737543e-09,NaN,NaN,NaN,NaN,NaN,NaN,NaN,NaN,NaN,NaN
195.986815,208.687281,221.412092,234.121723,246.85694,259.561067,272.262452,283.70488,296.412416,307.850705,320.55609,333.259569,345.963978,357.439727,368.851815,380.251082,391.670045,403.061346,414.460681,425.85566,438.540359,451.235292,463.943315,476.650757,NaN,NaN,NaN,NaN,NaN,NaN,NaN
15233307650.7883,5603898767.87378,6039869013.62546,23184059333.9999,1573648.5579381,7379770.49285883,165790983.671087,1044556763.46426,18517558803.7976,23337761044.4628,92731462.9552459,809873.50636592,50587.29713098,13762129959989.9,29831128728641.8,3270840563861.63,14248477717893.2,7.92095844733251e+15,61497.0178472014,18307.2574896064,333595.761942566,1.35061527733652e+15,449693.19917664,2.64785526837841e-10,NaN,NaN,NaN,NaN,NaN,NaN,NaN
191.667427,204.343974,217.013737,228.435729,241.109671,253.787007,265.220332,277.925548,289.33418,302.004245,313.409859,326.073936,337.49526,350.159694,362.828805,374.226072,386.894651,399.55969,412.27015,424.97832,436.423281,447.865561,459.301832,470.724965,482.158344,NaN,NaN,NaN,NaN,NaN,NaN
5624478443.32639,2420157576.30382,18538472.9284354,1223166900685.09,39984120153.2859,18475188053720.2,35130989150020.1,1858022364651.8,952529346.02166,30851735.6489567,5689732.77052861,18277.3097827413,523013699.148111,7786757072857.22,288494096877.536,196589067.305725,332199747966.389,604886177819.944,1393183936.29951,136365527.090565,12527531485938,1623.85452609426,123.149143001643,85.9602293110556,9.5685015466529e-11,NaN,NaN,NaN,NaN,NaN,NaN
190.504003,203.957712,216.894952,229.675092,242.432226,255.185107,267.930322,280.649824,293.363572,304.808816,317.53787,330.290354,341.738569,354.454203,365.950984,378.714315,391.481414,404.248621,417.019019,429.743029,442.493848,455.241327,NaN,NaN,NaN,NaN,NaN,NaN,NaN,NaN,NaN
236620189.457467,2801828217.84844,16331611.0204926,160173868.380869,1333054.02235511,74900134677.4054,32415156.631894,1557825751.15125,267235571.473489,54516682.4543541,2410723.70012762,467469.609620751,3742.16620236187,54672316.2974657,7314245483.76923,399056.904765872,399052.21101925,399051.737167012,399051.868775068,399051.859998263,333.341501788628,1.79542158917911e-10,NaN,NaN,NaN,NaN,NaN,NaN,NaN,NaN,NaN
186.584398,199.323647,212.065118,224.806944,237.556401,249.053073,260.506625,271.968744,284.69999,296.139383,308.820441,320.254927,332.967844,344.397132,357.121264,369.867902,382.626532,395.392882,408.128554,420.8468,NaN,NaN,NaN,NaN,NaN,NaN,NaN,NaN,NaN,NaN,NaN
11536.0409577323,316909.213549266,860468.805444751,19527.880540441,84386576.1484977,58892610.2855808,37830460.3887019,23585.0938391004,6565.49971122968,57057556691805.6,8493046.94051512,171.375916990775,21263700.4211114,11972413501.6142,2229981394531.12,2622541069437.69,1809681057937.55,743.006314433018,640.576457455354,9.80788783522257e-11,NaN,NaN,NaN,NaN,NaN,NaN,NaN,NaN,NaN,NaN,NaN
190.692493,203.487926,216.275196,227.787059,240.575173,252.068763,264.834971,277.587447,290.333782,301.819857,314.565635,327.277221,340.069954,352.867071,365.643858,378.447994,391.237933,404.035977,416.844741,429.630704,442.41782,455.19732,NaN,NaN,NaN,NaN,NaN,NaN,NaN,NaN,NaN
144386674.937364,32554130.2829101,145048776.528066,214798795.584901,1987125658.83794,52033558.1471476,6577710.27289552,1731718.00676275,516361.45138528,1620444.95186597,1235639.66520422,945298.621860647,5066315.66903028,543468.788068524,104776.684415484,30153.4782959018,136423.098489675,120827.708465126,4450.68302169239,19491.5261313572,545.690953971436,3.91686683087755e-13,NaN,NaN,NaN,NaN,NaN,NaN,NaN,NaN,NaN
191.916996,204.727338,217.546502,230.34621,243.124706,255.884179,268.629518,280.102022,292.846775,304.315122,317.057304,328.539184,341.293626,354.044394,366.791593,378.273392,391.045553,402.5588,414.060017,NaN,NaN,NaN,NaN,NaN,NaN,NaN,NaN,NaN,NaN,NaN,NaN
152663.615096318,226356.635317444,8454479.07958669,249262.326680921,209788542.944355,157109301.781929,733598880.755342,15339738.5476427,456907.575709684,1355037.34172936,2210209400.50951,23407714.6226657,581969.988944723,9.5794161059537e-05,1.45500797810172e-06,4.40247633903823e-08,3.15985015930664e-10,6.53517240323254e-11,1.82076576038526e-14,NaN,NaN,NaN,NaN,NaN,NaN,NaN,NaN,NaN,NaN,NaN,NaN
185.960047,198.666537,211.367279,222.801148,234.214036,245.653125,257.088763,269.802386,282.499629,293.923784,306.630676,318.022945,330.677863,342.067827,353.458612,366.156644,377.619909,390.331416,403.030626,415.743921,428.453252,441.15785,452.593788,465.300326,478.003621,489.448085,502.148504,513.586033,525.014896,537.721468,550.422991
162649253497.057,690423945.060429,551049623993.05,13970580080.3431,17822311848.5033,6736206895.0184,71295626822.7929,6117220145.8736,3121633326914.15,86428885438.067,153728514647.926,14566758579.1524,259074638458.916,3439102618650.02,452957761964.815,108316.317735861,216473147801.915,49628259797.7727,334679403155.469,6948094601.23621,60022837808.2839,9645402568.78806,9659269823021.09,95122346953.1973,292146789941.631,1276708998.1177,1013295374098.63,1767325971471.43,93078299314.9739,11360020866.4388,1.08424824674103e-10
195.961135,208.689892,221.439496,234.167569,246.886491,259.611333,272.28938,283.702886,296.546958,309.264498,320.666902,333.344674,346.012551,357.416864,370.158467,382.888283,395.601051,408.275146,420.940557,433.615675,446.274589,458.933398,471.613701,484.324652,497.038236,509.757169,522.47081,535.192988,547.90739,560.606023,573.32083
154669534.061031,2507724683356.62,67082763.0863796,125124743679.649,23307676.1372389,165933514.487005,10144241534.261,106312025467.882,7786573077.57274,85336252.011285,7911578815.08222,22414503.4377945,13563221.7510226,552982048.398673,12858946220.0487,174082304344489,1277079661497.38,31807431769.2821,160701036.511287,12121650.0895068,42090565.9467001,55971465.6645382,8109295711.47057,6644850.12909249,1150510539.82299,479249.549087383,57301533.4523792,666294.604984618,72914718.0005496,1653992.56138736,5.25539611828663e-11
192.326239,205.011055,217.703536,229.138881,240.564629,253.253784,265.945277,277.368021,290.005187,301.391477,314.062019,325.453175,336.863893,349.547145,362.2318,374.909128,387.593115,400.270021,412.94539,425.62549,438.309657,449.728071,462.418476,473.854785,486.493224,497.886945,NaN,NaN,NaN,NaN,NaN
150147414.746939,189702042.989161,13433150.183576,3818688407.68335,4686603495.17597,1420663745.95283,101685787.846334,156652019.463539,3044610736.61596,131057095.65789,7863954.45036268,138081549.80639,4315.98060809432,8309.42872198151,396253805.550967,70706396.7655437,3598857328.4644,1575156251.65443,7663719826.68196,1306764702980.76,12776070144.7397,335933.055779623,12423534949.1307,1501424485.69166,400.255024294354,6.66133814775094e-16,NaN,NaN,NaN,NaN,NaN
189.92759,202.617399,215.305894,227.994125,240.67151,253.37003,264.77811,277.48104,288.891086,301.531109,312.905706,325.541925,336.912766,349.556387,362.20112,374.891677,386.305145,397.686184,409.066472,421.701625,434.362302,447.047836,459.736053,472.420854,485.110657,497.798293,510.48095,NaN,NaN,NaN,NaN
349371201236.58,226528989.105805,7689420311.86777,4745845426.65488,295568494609.103,1777301290.95939,1215235192.33821,13763906.9670986,63097774.4080041,259729.962674242,18046087.9363676,10088736.067182,6091049890.16453,44882434133848.1,306421768.60661,1557914431.47475,586286074769.033,17563199399263.8,142394844237728,313209.64603319,1675269.25968685,63058.8658718826,55808.4260870593,335727.860175546,530140.30381293,76600.2149336341,2.30980123916424e-10,NaN,NaN,NaN,NaN
196.701845,209.441496,222.163373,233.605136,245.05001,256.496225,267.940388,280.655204,292.107973,304.870575,316.357032,327.823783,340.577832,353.281015,365.989952,378.690768,391.397808,404.103182,416.824989,428.264913,439.712738,451.156387,NaN,NaN,NaN,NaN,NaN,NaN,NaN,NaN,NaN
7844036008.66884,3419033456.94031,5394479350372.86,8102226138.56426,361145571.351866,107316809.755869,63689210351.0854,2961071904.16255,11370711.1516594,4407694925.184,645157732674.213,15032.9929829468,9185073.53454706,50802868367689.5,699961129924.928,649132617948.223,107862176.866618,825106375221.784,682248690006.537,129715758503.08,229854842125877,3.62287977395681e-12,NaN,NaN,NaN,NaN,NaN,NaN,NaN,NaN,NaN
189.970025,202.690989,215.408054,226.850986,238.315534,249.796777,262.556975,274.041436,286.81015,299.571964,312.355691,325.113518,337.88326,350.642346,362.122072,374.874823,386.349726,399.100585,NaN,NaN,NaN,NaN,NaN,NaN,NaN,NaN,NaN,NaN,NaN,NaN,NaN
1961591182.88567,264167264.51793,4845317267.8712,8370922742.28105,196252304149.314,23151059049.9568,3589620771.99064,44544627.1780603,248.208364191594,29.217154723421,0.390832950741668,0.191623633815265,0.000201985356745649,6.89308344210549e-05,1.18097493162495e-06,1.85739472691182e-08,1.05140340878052e-10,1.16260556737302e-10,NaN,NaN,NaN,NaN,NaN,NaN,NaN,NaN,NaN,NaN,NaN,NaN,NaN
189.81039,202.505312,215.201157,227.884044,240.588755,253.335517,266.073504,277.530388,290.253798,301.716556,314.456283,325.922122,338.659067,350.12336,361.594242,373.057689,384.525794,395.989091,408.731138,421.460913,434.205074,446.940123,459.67552,472.406695,NaN,NaN,NaN,NaN,NaN,NaN,NaN
53016429358.4155,2890817329.22261,64246000.0038742,51420259.2428555,45506366.7994585,721269030.419064,3328942071.96545,3806649495.66239,3085526245.26629,24977565794901.8,448102539.721728,5403418966.81468,85719105.7814476,12470342785019.6,65291264414198.9,11387772627431.9,62531174768231.6,1183804.04118313,9.97127187115027e+15,2.48670402958054e+16,8.1968334468966,1.28696086444051,0.106724585060931,8.4888984730469e-11,NaN,NaN,NaN,NaN,NaN,NaN,NaN
183.556791,196.358969,209.164451,221.966443,234.76971,247.579167,260.379641,273.197108,285.986114,298.778633,311.571298,324.372386,337.170079,349.971919,361.539232,374.393107,387.224923,400.059043,412.903614,425.765821,438.59826,NaN,NaN,NaN,NaN,NaN,NaN,NaN,NaN,NaN,NaN
35800.7251999085,15963.2355852951,28745.9961482079,920115.695095338,283489.147020923,64463484.920096,32187.2647626204,9535694.47826085,2634150.20161876,120038.655768766,94870.3698097067,102701.189564286,105420.239086977,12216097605431.2,772562.942556246,600520685267.563,208247.229208923,9206.23105779536,500523.403198399,113170.411062611,4.66473970561765e-10,NaN,NaN,NaN,NaN,NaN,NaN,NaN,NaN,NaN,NaN
191.86914,205.091241,218.193013,229.75109,242.59108,254.151793,267.001221,279.860442,292.748207,304.346955,317.23582,330.118058,341.762224,353.355636,364.954873,377.837712,390.723844,403.608387,416.512741,428.11354,439.715166,452.608383,465.488817,478.378374,489.971619,502.839676,514.394605,NaN,NaN,NaN,NaN
529006969374.436,2104396311851.94,156143770465.358,1005594020619.22,35635655327.6345,9433450805.02239,25065916.2258334,9779196454662.13,1148937358659.14,533679702347.701,26617871568.2969,527069268817.697,65512093.5826412,126851074.507019,28892582371.9873,2783057376590.88,6938266919146.43,3468284293737.96,21179449501798.2,34437095046.2684,1705359266875.92,199995131571532,85442799620371.5,479496352157478,1264188729246.34,30994.757017151,1.0089460378282e-09,NaN,NaN,NaN,NaN
188.536775,201.470357,214.297757,225.720883,237.142988,248.567326,259.974809,272.654104,285.339261,296.754538,309.43501,320.853516,333.533198,346.213235,357.621917,369.039945,381.723025,394.403017,407.084996,419.762019,432.441491,445.125556,NaN,NaN,NaN,NaN,NaN,NaN,NaN,NaN,NaN
2141044821.45635,3310546194.49215,13052107721.6136,886487806.666083,3303545027.26324,6028394742.3302,29199936349.3383,57572.7715796075,398478.155976479,11777378.1290968,51380370.4642776,1995464931803.14,498322.000302801,83922267.7795645,5.76163447393609e+16,6581434424910.6,0.279555048461143,123.050631204747,2.39143342905493,5742.69791994352,33.8868012005121,6.97253144110732e-10,NaN,NaN,NaN,NaN,NaN,NaN,NaN,NaN,NaN
193.026676,205.726848,218.422906,231.104459,243.77245,256.40677,269.071398,281.714192,294.410679,305.813281,318.476805,331.110512,343.745456,356.375003,367.767123,380.444708,393.123914,405.796779,417.212171,429.883848,442.563794,455.23688,466.645674,479.283153,491.927438,NaN,NaN,NaN,NaN,NaN,NaN
4786156.81961298,3691251.37286679,1498192.15721438,134970404.676491,67525039.5757519,3616803320.49538,3202788.4906741,54523.4751778857,1267488450.4914,152269025.257125,1109371708.03749,1663403726.72845,43779071890.5856,21949690.6042769,285692487033.441,50626838.8071307,11019188.646157,353.293974960172,44818804142186.1,887992283857291,61347.5547907179,8.35074265038691,25504459265262.7,6.48453992986695,2.32969199487343e-12,NaN,NaN,NaN,NaN,NaN,NaN
189.719151,202.416402,215.104294,227.788411,240.496821,253.209987,265.901886,278.59389,291.289686,303.998904,316.699542,328.11431,340.79417,352.211692,364.908693,376.333232,387.713701,399.091176,411.735003,424.385953,437.049642,449.690916,462.330802,474.972819,487.614182,500.258817,512.89695,525.540384,NaN,NaN,NaN
121622.295327285,22345.0500612025,18786.1947635931,21473.877759281,3610233.41320371,135988.50474088,15308.537381106,11566766.7329288,681909548.540513,13643192890.4234,1490516037.92846,24502207553.3866,296800056900.192,13323657022.0543,39258.1039298978,3573497682.69146,2218758642100.06,42219379638.938,2374275665.83794,35219520.4048322,812176.125063041,156525.474424524,13808.7656067551,13883.54560498,9646.49701834562,471.870292000435,6025.57235920318,7.17870207722626e-12,NaN,NaN,NaN
191.179307,203.8854,216.581855,229.283496,241.982487,254.684383,267.383799,280.083243,292.800414,305.542934,318.283304,331.023383,343.767491,355.240804,367.975245,380.67118,393.406476,406.149193,418.882552,431.629838,444.377859,457.132788,468.61099,481.363247,494.108526,506.87007,NaN,NaN,NaN,NaN,NaN
3125043277.6236,980776208602.343,388795772702.114,8334594027911.83,86803170119.8574,1288558384.62358,83815503.2208398,5.36730573074665e+15,9542352.72499907,113391510.821626,105536.267903108,84922013754.1705,1460461303023.29,10560333231512.5,677777521043.9,119219709371.423,157801667226702,426080788104.136,31625394.9353152,49771044.1698396,71562990.9622534,59155705.5750923,147892726807.63,71133086.927662,129469377552.617,1.71869185550122e-10,NaN,NaN,NaN,NaN,NaN
192.824978,205.586182,218.316512,229.764029,241.229007,252.717462,264.183232,276.913378,289.601076,301.049451,313.78945,325.261864,336.693485,348.117074,359.538529,372.231942,384.922868,397.656667,410.388317,423.102268,435.802337,448.50894,461.206822,473.908684,NaN,NaN,NaN,NaN,NaN,NaN,NaN
57022274149.5317,578143720.374888,965666875.273854,1589124889.75407,3638372790.41867,1671964748.79216,1363717590.64386,76344.8784783559,4392849562.91612,7705830.11273829,147114.052033615,24741803250.562,139158243.101345,18.9083777439885,12042.4858862143,9986617998.52379,3767551162.13284,5962677046.13655,645.343792090325,1.30129551992325e+16,47521686423768,507.252502369259,16.1839537187578,4.91687135451002e-10,NaN,NaN,NaN,NaN,NaN,NaN,NaN
188.894837,201.566414,214.225033,226.890143,239.556164,252.215629,264.870759,276.263012,288.917295,301.571098,312.95587,325.60885,336.999001,349.657411,362.343558,373.761186,385.186728,396.578758,407.961642,420.606847,431.99125,443.386575,454.777104,466.174914,477.56484,NaN,NaN,NaN,NaN,NaN,NaN
35174613554.7075,1011621250679.27,627082777.92948,472739169049.915,1449825606315.03,5863000762.49846,9451402793.45437,361345489319.892,1352032377.65549,357493106.622966,225241287.560699,133438512066.332,2970653731.77391,156279704135.886,96265870323.4071,14949901943247.8,22.4400628916081,10.8828970504472,1559.64473961267,125.051765293754,202185037.881262,39.4026296777934,135.919560896392,349.433096407097,2.22044604925031e-15,NaN,NaN,NaN,NaN,NaN,NaN
192.595215,205.41246,218.161173,230.888251,243.616852,256.34505,269.069952,280.516892,293.241252,304.691685,317.427505,328.840626,341.523847,352.936252,365.624252,378.311346,389.727667,402.409229,415.094328,427.774068,440.457313,453.143767,465.825152,NaN,NaN,NaN,NaN,NaN,NaN,NaN,NaN
21135.6563446303,4159.59603892337,33911.0901954591,23839.6482583784,35360.2550168003,11061.9737051117,86791.817207878,43482926.039225,5332474732.81324,79722485.6834173,899471809.466002,89227523742.003,7813275786.74829,8056529977.99831,48637623.6009959,51769786.3926498,1060625291.92144,137778.449836779,4197786.27932618,164906.026037516,851073.443445815,27413.4070601429,1.32562494314925e-09,NaN,NaN,NaN,NaN,NaN,NaN,NaN,NaN
196.515909,209.598846,222.413907,235.082401,247.746953,260.420923,271.835737,284.512119,297.188563,309.81546,322.443731,335.07462,347.712382,360.379092,371.782024,384.451553,397.117679,409.786957,422.46325,435.136766,447.766253,NaN,NaN,NaN,NaN,NaN,NaN,NaN,NaN,NaN,NaN
3566656470.64993,1144707603.45472,34069727627493.7,42549750548929.6,720485310.598714,2975779589885.3,35484986294.9297,18321.4677423858,154237118959.836,16211854852529.4,835448.845669184,1039426.9366665,3.31683912800031,803465.795221732,380220773.186081,6.47982503217997e+16,809545.61819017,1.36556019825207e-08,1.53612416120552e-08,6.61070753693593e-10,2.60500510051997e-10,NaN,NaN,NaN,NaN,NaN,NaN,NaN,NaN,NaN,NaN
195.306757,208.063008,220.817527,233.535232,246.237258,258.968161,271.677637,283.111341,295.813915,307.250889,319.967891,331.416086,344.128169,356.847534,368.288652,380.964355,393.640674,406.316332,418.9939,431.667821,NaN,NaN,NaN,NaN,NaN,NaN,NaN,NaN,NaN,NaN,NaN
91223680.794423,123976926.620012,51132574.9873133,12271186.9522695,2601995.65841671,771586646.012892,5883332743.29265,617035055.000434,124197088.3458,163669542.701453,1087682719090.46,6181565607183.84,3729181310921.55,31820474038850,21636.5089776263,21636.6824607037,0.106249580479426,70440043114377.8,86007.7127850734,5.36204192158607e-10,NaN,NaN,NaN,NaN,NaN,NaN,NaN,NaN,NaN,NaN,NaN
195.617907,208.402461,221.21728,232.718825,244.195183,255.665206,267.137987,279.855236,291.283483,303.982086,315.416894,328.131311,339.592922,352.353106,365.112779,376.608962,388.067571,400.802313,413.553596,426.305865,439.059808,451.81136,464.574678,476.051658,487.505941,498.938994,510.364692,NaN,NaN,NaN,NaN
9544326082882.83,30176453839.1645,6597232929.96171,509726644105.692,73088737296.7016,715157553579579,38418708001.2988,560715312326.364,794418956762.781,30520831.6326795,289884567.38467,353902.729624716,45285955962.3459,92344610357.9088,290081281824.123,652459127394.813,5864499934743.08,140674409.559403,3909157.26266262,2072650809823.68,2377891991184.83,2591944632138.77,2200315629957.5,8452735.49195174,79471.1558591203,3946.86333842043,2.17010631686776e-10,NaN,NaN,NaN,NaN
194.313451,206.978864,219.644115,231.049391,242.45945,255.152872,267.863616,279.27425,291.942799,304.612035,316.018174,328.683007,341.299926,353.962597,366.668916,379.387512,392.107022,404.824675,417.547643,430.279305,443.008149,455.724412,468.400108,NaN,NaN,NaN,NaN,NaN,NaN,NaN,NaN
2276938627.40637,2597245884.30428,123098878275.206,23907971374.9967,1311715569.41491,2708240.24323103,5178860415308.27,176577490380.967,4154868792.04425,28633591.7858013,280456.912103833,227869734030602,51554679167.6076,1623831960.49195,132008099.285877,2744343174.11486,704660639.321133,730123691.132339,203748696.506678,393996513.013725,54285344.4102735,20827766.8051749,1.58535407024374e-11,NaN,NaN,NaN,NaN,NaN,NaN,NaN,NaN
182.685778,195.453048,208.160183,220.809238,233.464538,246.112588,258.763816,271.40537,284.058845,296.696229,309.345474,320.72963,333.38024,344.749594,357.393262,368.76533,380.145863,392.781849,405.419888,418.055176,430.703192,443.353581,455.99755,468.677889,481.364068,494.04593,506.738963,519.422668,NaN,NaN,NaN
3687057202.82322,8766414152.70462,327278571.105406,872589511620.928,3155954873.26502,71054089775.9604,34883557.1682719,546540797541127,1181651671959.95,168629909037.714,1000500.254175,2464246410.47664,2494122759.54946,36548808980.0049,7816170493.10045,467856073742.172,48092464564468.3,424215390207.949,435723563904.961,9968215.35544122,332695947639.872,352944244398.869,37630.4081336479,367830569483.939,186913565.62563,439232877862.565,1.00270014513626e-10,1.00185637563754e-10,NaN,NaN,NaN
197.597196,210.292612,222.98814,235.702949,248.397472,259.82941,272.51909,283.94257,296.632702,308.057082,320.735979,333.407917,344.787491,356.177864,368.836404,380.225084,392.866176,405.526901,418.205585,430.920256,443.618223,NaN,NaN,NaN,NaN,NaN,NaN,NaN,NaN,NaN,NaN
27892.6762025208,3722.04402512426,81309.8297151329,254026.037096788,13135996823.6377,3124279480.00238,939340752.059469,1862122485.1673,885846749.136454,65315240.8463979,109915668.501858,68496541.2975328,4331919685442.85,771229777167740,3171404.20453278,1033.57491493161,565621.978478578,21478785.8151673,25729328.7815073,13206802.5156367,2.779809271658e-09,NaN,NaN,NaN,NaN,NaN,NaN,NaN,NaN,NaN,NaN
193.721604,206.614812,219.289792,230.690373,243.362329,256.042679,267.454732,280.140962,292.792187,305.461496,318.140574,330.818887,343.504617,354.937661,367.618139,379.030038,390.436316,401.839175,414.508303,427.194037,439.872615,452.542959,465.208476,NaN,NaN,NaN,NaN,NaN,NaN,NaN,NaN
15633873123.1217,798956584.995979,763602041.353767,200689538.904081,825761934.4605,3224849.45694858,19588008.9704899,76086652.1149309,6876.93347788973,873.656715149213,1233.1413088662,379.36221993363,40.4766057670286,5.55511283902975e+15,0.247901285066922,0.0959475956591833,1.81521109254845e-07,6.71393614515292e-05,8.70796962315623e-07,2.04397392344902e-08,2.38621788994919e-10,7.67373720123032e-10,2.00639727054863e-10,NaN,NaN,NaN,NaN,NaN,NaN,NaN,NaN
188.687851,201.348114,214.002231,226.681417,239.332863,251.989439,263.374188,276.023361,287.402815,300.05179,312.695364,325.347774,337.994262,350.651126,363.303335,374.696345,386.091195,397.486713,410.144256,421.537161,434.191183,446.85616,NaN,NaN,NaN,NaN,NaN,NaN,NaN,NaN,NaN
19785994.1052439,6892556.13470941,53945847.5129857,807044698.747481,468063.239765199,390776.402201495,7235094.17486065,49409262.604909,257357860.892802,20110953.2362332,1693.16807512263,1502416.68500622,112565.021289324,1542996.77071527,1546469.28344974,8746.39770720388,1557352253.86315,266509471913.531,63.8328509211591,707.144416926287,33928.2435231585,5.44309930461395e-10,NaN,NaN,NaN,NaN,NaN,NaN,NaN,NaN,NaN
190.316012,203.450053,216.279817,229.05096,241.818433,254.540392,265.963733,278.689271,290.148927,302.887531,314.346843,327.076333,338.505561,351.23171,362.70539,374.171913,386.91403,398.377818,411.102712,422.551808,434.003904,445.474074,NaN,NaN,NaN,NaN,NaN,NaN,NaN,NaN,NaN
9718134945.11994,9677350495.46801,7783714.97387547,3105600.70337411,5693595.19659898,3309769512.97023,42496049.3263259,2672705.8174332,1108734509.3737,2692241.68216831,13956185.7286889,2775541.82167043,4857992.62903481,48073480484041.3,4146615.20564395,9686907.51302099,2482714.29845917,12737870385.4516,7054.86710055891,124891254775361,1127.63398063273,2.63788990650937e-13,NaN,NaN,NaN,NaN,NaN,NaN,NaN,NaN,NaN
177.622956,190.834738,204.032495,216.804081,229.53856,242.29107,253.748261,266.489935,277.950526,290.684781,302.148423,314.891009,326.36143,339.098011,351.871773,363.331844,374.787099,386.251018,398.988464,411.736078,424.485282,437.237431,449.9702,462.709811,NaN,NaN,NaN,NaN,NaN,NaN,NaN
671593.019339005,102087.075856212,244098.215262918,10567476.2946465,250143124.138394,16084699.2310097,4351865.45635561,194335.84302394,19560024.0800559,651696.189833548,5892538.78621897,2726625.2510459,12291271.6692236,2203933.57404397,37853288.2081051,39089749499.1198,10650529.4145059,94152590366.8653,12416073.2320001,12427826.8242303,9038592.64139488,12700303.4458441,12191547.1983503,3.11162207111693e-11,NaN,NaN,NaN,NaN,NaN,NaN,NaN
191.620871,204.570368,217.241541,229.877546,242.513198,255.185185,267.862996,279.277725,291.967553,304.638388,317.287883,329.923844,341.301011,352.668919,365.298335,377.927473,390.563613,403.198924,415.842765,428.480244,441.122326,453.799065,466.425941,479.053989,491.68127,504.311895,NaN,NaN,NaN,NaN,NaN
477563875.66165,56575588.9390688,95085788.4817313,938336958.861052,10037534196.0954,43590688908.1829,560507030.914874,1536356436.67289,615128221388.788,41902064.6181466,1001636.55534264,796760439.712021,3095939699.41277,2445864.95206971,2558644896674.23,13812046.1793652,33450633.1004006,1398254045.63744,895621598.334813,47222972.8354706,2531.86266771012,1542996.41670257,3470476.72852659,3647328.38586083,2532723.95646987,1.05354391877199e-09,NaN,NaN,NaN,NaN,NaN
196.752072,209.426435,222.099886,234.840689,247.544259,260.250763,272.926632,284.318502,296.984824,308.377574,321.040659,332.430672,345.095845,357.862399,370.596085,383.347043,396.089305,408.82736,421.564303,434.304775,445.776599,458.525926,471.272651,484.017088,NaN,NaN,NaN,NaN,NaN,NaN,NaN
42670.9547359728,122365328.313115,2531719.32892588,1312443990.81166,914830075.750859,728621576.749536,52953677.3512285,47205153.1016289,808807184.726864,627046953.105851,5106.69288132694,218968154.657368,4024628456390.59,12903019.5275878,154380451.285334,1218204050.93425,6363507808.61807,170260973.23231,2678802.2478976,372734.137783816,67059478785101.5,3846975.24095843,6365429.13321692,1.44204648222512e-11,NaN,NaN,NaN,NaN,NaN,NaN,NaN
186.68587,199.417414,212.137163,224.882247,237.616448,250.362306,261.828388,274.56582,286.030204,298.768111,310.216338,322.898094,334.323696,347.007478,358.45226,371.138165,383.858468,395.307524,407.998047,420.678465,NaN,NaN,NaN,NaN,NaN,NaN,NaN,NaN,NaN,NaN,NaN
120291.008658996,46874.6698800093,224201.71858093,11263867.0976625,69974478334.187,2721952565357.09,5456703308.27359,1711661.46399185,13592681.6281906,114096393.350215,114045476070.283,66415977.2147437,2.48725320289948e+16,272080623787142,1.72384873186994e+15,647272.93430723,647278.449855341,5.33519705663022e+15,126156.27022891,4.7469139730083e-11,NaN,NaN,NaN,NaN,NaN,NaN,NaN,NaN,NaN,NaN,NaN
194.068261,206.726411,219.368944,230.756751,242.142419,253.533635,266.18087,278.839236,291.488281,302.877923,315.531694,326.921706,339.561634,350.945375,362.321493,374.967856,387.610912,400.257015,412.900719,425.545581,438.185302,450.839945,463.493046,476.148322,488.790472,NaN,NaN,NaN,NaN,NaN,NaN
124050605.436591,24049276.4401908,17397393.8795319,21212541.9628919,483397030.134282,3452602395.21899,17792324628.6483,1639884687.49519,26871285020.5152,9385952.7393207,302956597.055292,8625226504.27356,13505381.0496769,12472278696218,8.679057393e+16,264258744905.118,34528064635.5812,13364770501926.4,909621291.750379,39524107.5790479,14726555601003.4,78948986288123.1,87584629647802.3,809624366464807,3.99157817909668e-10,NaN,NaN,NaN,NaN,NaN,NaN
187.46651,200.256635,213.068178,225.875421,238.662476,251.489724,262.996294,275.778811,287.296851,300.08734,312.88977,325.665637,338.404032,351.151326,363.889768,376.654594,389.396596,402.146625,413.615091,426.368497,437.840867,450.623857,462.134679,473.648243,486.438239,497.955382,509.467651,NaN,NaN,NaN,NaN
9665.20790093147,10701.6482460056,24804.2716354471,139665.291908805,4975158.34664205,7489445.37509133,1099787815.56516,888694313.136079,78646296420.2391,315197.52889002,668739.319829455,518249.153848929,242887.546182675,267958.54936616,595334115050.382,3.31634360268558e+15,3682673255111.68,470674921152.1,66758651828.1599,562.520630850327,234659420411.305,221093.540646994,8777307261025.84,10791.756752738,223349.049168238,222316.539897512,2.79825052018623e-10,NaN,NaN,NaN,NaN
191.659428,204.397896,217.130468,229.838923,242.550621,255.218169,267.88811,280.558312,293.23012,305.901004,318.567775,331.245873,342.655505,355.325178,367.991405,379.41146,390.824681,402.240542,413.675259,NaN,NaN,NaN,NaN,NaN,NaN,NaN,NaN,NaN,NaN,NaN,NaN
4698127.68085035,66886259.4773254,44523660071.4214,64812629986.0095,16354.6504303723,103575340.749236,2398425615.2578,1635097013.47298,1052656.7929604,212827373890.136,80850.4880905357,36939.8931727868,1182396476.77661,8374129842982.31,7.28867199040195e-07,3.79197015676347e-06,9.43786562901394e-07,1.91821003525661e-10,3.14233528087016e-10,NaN,NaN,NaN,NaN,NaN,NaN,NaN,NaN,NaN,NaN,NaN,NaN
197.522596,210.387957,223.197813,235.892288,248.587646,261.288768,273.98479,285.430713,298.171603,309.632069,322.367939,333.843312,346.596147,359.318332,372.01287,383.470041,396.199513,408.932031,421.662226,434.399004,447.132378,459.869979,472.602237,485.329622,498.0455,510.731086,NaN,NaN,NaN,NaN,NaN
25839725.4310807,9713680.61582584,42797571.8374675,35637617.1649756,14968726.7469479,339256905.125563,9365583108.5688,246395260.210005,9806244633.55009,57954278.1606655,62476217.3996306,1289030361.28761,64026256712.2867,69892890232.4454,16261664550.9325,4185610363797.83,3113506.4054526,10184834.9636214,18010815.3476215,166072529.872785,2616585.18625477,3137847.96703276,284413.819297068,28.2676598372943,42784.8051120234,3.78101994158442e-11,NaN,NaN,NaN,NaN,NaN
194.125098,207.110897,219.799906,232.481542,245.158693,257.853559,270.529368,281.940943,294.613674,306.025661,318.702261,330.113563,342.783978,354.198872,365.60581,378.283533,390.957723,403.59953,414.966085,427.607131,440.24013,451.616951,462.982922,475.619578,NaN,NaN,NaN,NaN,NaN,NaN,NaN
486823.702368726,4566462012.23601,864194.142834738,10697156.9146773,3696573301.35145,2417703178.57383,636564773.770553,11737195.6170857,2291429633.37086,143045960.039129,21745848.4981051,28141276.287324,48666355.9176918,303880541.135137,557044.982015682,491882.371144052,560731.04126954,600509.575407084,336452388.862446,2.56367949091896e-09,1.67483804602853e-11,1.97196081686002e-09,1.39092914963612e-09,1.40838141149402e-09,NaN,NaN,NaN,NaN,NaN,NaN,NaN
189.759242,202.474932,215.138552,227.808999,240.478686,253.149031,264.548121,277.212439,288.616054,301.322414,312.757203,325.464167,336.864966,349.531279,362.207091,373.616252,385.024896,396.42382,407.817974,420.516585,433.245864,NaN,NaN,NaN,NaN,NaN,NaN,NaN,NaN,NaN,NaN
1259838.36294082,477031.320189799,6863.72537620769,1325.09484706911,598.306031835731,111900.908465206,2484680.10487117,336218.189134583,628.972306791811,3146364.38208561,105214.788703238,98566311.2304552,2264.60384774691,165441.684353933,3310.89709205416,2705921.17096968,273.534315901787,3266.6669388748,318.292200259565,1.88678406232157e-10,2.53796983429311e-12,NaN,NaN,NaN,NaN,NaN,NaN,NaN,NaN,NaN,NaN
192.719636,205.376375,218.007338,230.626479,243.252561,255.872689,268.499236,281.128869,293.795018,306.470825,317.880507,330.570091,341.967398,354.629425,366.023796,377.426805,390.091244,402.772182,415.395614,428.018182,440.648695,453.279821,465.902964,478.531593,491.206533,503.884814,516.560575,529.232226,NaN,NaN,NaN
1676861.86327368,282211300.947588,933735796.683342,3238926.41070326,250160439378.335,6367714.44478863,189845294.99301,47397638786.0228,1031306145595.59,177115994.099128,18710549858.7031,16083736200.956,2192840364.32049,8367970.41327535,3863670317.58489,1041646586.10756,3033831369.62243,138500.296496523,230261.287559165,3025289387.4007,1.76561457763567e+17,4.98118334241547e+15,2.0713720191336e+15,7.10430912863427e+15,30204738256559.7,183.448024936914,0.887462255806,1.31074262554876e-10,NaN,NaN,NaN
187.80781,200.543346,213.268989,224.73103,236.221207,247.730224,259.223201,271.993107,283.483903,296.246469,307.736269,320.512667,332.014375,344.788003,357.553146,370.319297,383.084194,395.850127,408.612797,NaN,NaN,NaN,NaN,NaN,NaN,NaN,NaN,NaN,NaN,NaN,NaN
2256334.95367851,2354484.54070492,1570668.41468294,683400476.488645,3042739183.14933,44792568.4828462,333966311.084435,244410.241363821,2497855214.17436,6467350.95624139,153.309611531948,394.15249526316,263.755294085174,17389661.2358194,19.1748488273189,94.981495803977,28.5689350345027,110.79392151091,2.01549887890451e-12,NaN,NaN,NaN,NaN,NaN,NaN,NaN,NaN,NaN,NaN,NaN,NaN
181.816426,194.654755,207.494741,219.039624,230.58622,242.161882,255.00234,266.579578,279.474503,291.059857,303.914466,315.503852,328.368833,339.963554,352.788795,365.61671,378.641278,391.574965,403.185665,416.075181,429.069533,441.926792,454.779385,467.638972,480.490411,493.348645,NaN,NaN,NaN,NaN,NaN
25154857202.5799,2195131471.37181,5377487725.63726,4160481962039.58,101804312218.959,45791639969.6729,105459569047.336,30366560116021.1,5483030124137.98,4991503647392.3,1363582.79131918,20312.5281903569,7900.32319193059,1082368.64441349,16895525425.6556,303438918442.758,113630691052.74,90401768655.5151,249948824123151,96397397919.637,88185749929.3488,98043810192.5788,94861460070.2409,1.35674335689656e+15,110033701727.592,4.21884749357559e-13,NaN,NaN,NaN,NaN,NaN
203.265831,216.196703,229.121712,241.977502,253.564435,266.409108,279.288796,290.894234,303.786181,316.688074,329.575511,342.667653,354.340465,367.220573,380.14928,391.799626,404.732169,417.658682,430.594094,443.510501,456.462469,469.355128,NaN,NaN,NaN,NaN,NaN,NaN,NaN,NaN,NaN
9920891493.49688,4959770488.43349,130341043.857628,730666788.723024,58374121.8798474,1607231.79315449,1167296.64573084,42052183.6660345,142501.879316491,726214.681283953,547642.320241256,2653772887603.71,1378553.40390456,1353215380.22101,94540464.5584635,29270672622.9958,405285715.606985,25165276.7443628,462522.582114488,1942636.24694503,51516.0743190033,1.2934275872567e-10,NaN,NaN,NaN,NaN,NaN,NaN,NaN,NaN,NaN
190.157138,202.996914,215.782018,228.515536,241.249299,254.041103,265.524905,278.263396,291.002287,302.503895,315.292408,326.794733,339.56768,351.069565,363.853865,376.607564,389.344137,402.089144,414.869562,427.670026,440.454847,453.217446,465.996283,478.74886,491.496786,504.233703,NaN,NaN,NaN,NaN,NaN
207818748.802987,42021439.3431638,1315676048.60262,169622187217.104,341732199.975193,1205484.62339911,18037406944.6041,5265358155.41542,31887473.9497814,220634778070.461,251696750246.684,13457135379889.7,233.05799737083,444892.495890268,75061612.6324008,57946686.5309067,832146389.765813,15254891.402933,127802859.887292,157275203247168,718811603789941,56991002992208.5,39.6782790104024,0.00181488157860876,92.5076827331035,4.68958205601666e-12,NaN,NaN,NaN,NaN,NaN
191.571666,204.30206,217.023032,229.731603,242.446362,255.165276,267.893354,280.598129,293.302527,306.031077,317.469081,328.920947,341.632679,354.347068,367.067664,379.752423,392.40771,403.813753,415.209819,427.948905,440.660899,453.375147,466.09302,478.783858,491.718288,NaN,NaN,NaN,NaN,NaN,NaN
128077094.207649,3916232.83904818,9481349.09382674,30144883.6930017,19499873178.4515,25246734.1928885,37168541224.6806,10203314.7215873,10962370390.8816,3632608799.56152,14363452044.0117,35938120790.6171,5215792463.15598,11396567765.4266,4855067802.82391,6906527362.61214,6807496657.74215,36333682318.6861,1305758606.75415,69572098319621.8,43579018659694.4,3.22216408556726e+15,135106066566399,399.818688320245,3.16894510632437e-10,NaN,NaN,NaN,NaN,NaN,NaN
189.081461,201.959094,214.900488,227.811662,240.713079,253.579301,266.44276,278.029636,290.901597,302.518752,315.386959,326.973892,339.870788,351.479358,364.399873,377.313905,390.235805,403.154193,416.068558,428.982951,NaN,NaN,NaN,NaN,NaN,NaN,NaN,NaN,NaN,NaN,NaN
102709747.859026,624511.800889021,11552581.0404143,2813169.27952317,4318556.10916412,190551400479.988,324415196.670129,57053907214.3509,20267396.2363498,1389933355.32686,7930244.79246524,1874204207.91352,0.239119815371164,197922283.556791,7.04600611634021e-07,1.42752678122804e-07,8.49197197005935e-08,6.42579189857884e-09,8.31955837554688e-10,8.36664515446728e-10,NaN,NaN,NaN,NaN,NaN,NaN,NaN,NaN,NaN,NaN,NaN
193.901484,206.597039,219.281034,231.968003,244.690555,257.417238,268.864138,281.583412,293.030495,305.738006,317.15236,329.830808,342.498474,355.194889,366.637413,379.359677,392.030982,404.714969,417.396767,430.112526,442.832838,454.26556,465.679363,NaN,NaN,NaN,NaN,NaN,NaN,NaN,NaN
356329358.853392,26803146067.815,17758543.0586773,70802766.4888851,1937358.56760695,25192265665.9914,5909358351.78579,9512748425.75371,760376500.458243,2711506822.36005,3646430713914.51,191426250098.747,8443009658741.19,2023811009324.33,4074422764062.37,62380036049032,8718988909082.08,76816250630093.5,299543214438664,13.8286420143289,60.6055246085249,17316328.3114669,5.07851094511125e-10,NaN,NaN,NaN,NaN,NaN,NaN,NaN,NaN
186.22445,199.084583,211.930551,224.775078,237.734606,250.59627,263.444439,276.301459,289.163269,300.738872,313.599662,325.177218,338.042641,350.91066,363.800479,376.684489,389.540057,402.394538,415.274005,428.174338,441.028251,NaN,NaN,NaN,NaN,NaN,NaN,NaN,NaN,NaN,NaN
64796605.9510186,110381173.192256,17262718.1078692,368895.123360556,1524313.86414019,233962416103.68,332182636.208416,35747466847.1822,28650.9414999416,182051.899860455,2171.60532057781,19487345.3034355,0.00926298138694248,0.00437950242462692,0.000110333760569237,0.000102695015281817,3.49517150333156e-07,1.15969047698172e-08,2.37676411884991e-09,4.02102795504788e-10,6.94555524205498e-13,NaN,NaN,NaN,NaN,NaN,NaN,NaN,NaN,NaN,NaN
186.631612,199.39742,212.152116,223.648886,236.406452,249.249988,262.019479,275.028423,286.687776,299.443958,310.919449,323.682467,335.163601,347.920256,359.396553,372.133979,384.910135,397.676377,409.149583,420.635662,432.118331,443.595665,455.07246,466.553365,478.211305,489.806612,NaN,NaN,NaN,NaN,NaN
22829561819.1332,14909435359.0601,215394999.413694,154037640125.861,1271660638.85192,1001179095795.22,10496518452.681,629766048559.754,442676758042.437,11579289504.604,2437.11535003869,16425.6186200237,339740.255505304,411817.628426918,39437180353539.3,26678314340.3691,7330736713871.41,4452597285484.27,41752468381.8469,1863571254.58673,4929684589.01182,2383651719.84653,1109980574.59333,20189739.4936011,795848423.19382,6.2156946256664e-11,NaN,NaN,NaN,NaN,NaN
182.461073,195.274173,208.045473,220.767316,233.491858,246.228148,258.971379,270.830761,283.594192,295.061801,307.77136,320.517989,333.277149,344.818461,356.795989,369.533377,382.289102,395.002538,407.716375,420.415374,433.142478,445.879419,458.571108,471.303225,483.989624,496.689419,NaN,NaN,NaN,NaN,NaN
424871.315221888,4119.15449122714,215179.558425881,43421.3580872832,48677.7022142867,921842.783057166,10173174.2719711,670964.236167721,6361877763.02074,35365.6183011145,995735.356776724,284744.511384218,44333727225.4451,40176878659.0394,161505014.866351,52818595.2176825,238109622903962,16974338433270.4,6436601.88962232,16796323.1399084,803925.85882143,301933.24578203,15479.0208697133,4321.92888400541,155.840453719748,1.73409731019092e-10,NaN,NaN,NaN,NaN,NaN
187.927009,200.795363,213.636782,226.467093,239.325747,252.184683,265.04776,276.897033,289.855958,301.53027,314.471045,326.047587,338.904787,351.744787,364.578439,377.410381,388.964801,400.477654,412.009089,424.852112,436.362248,447.882821,460.697138,NaN,NaN,NaN,NaN,NaN,NaN,NaN,NaN
64771.5111998182,12540.4689246082,32865.3563482097,15773732.8768863,277931.743357221,5808925195.42121,3591743704.81793,15151042164.7827,13814533618.6761,2988729847.15245,1681541513.30042,6484017040616.05,1901129.9835601,29031680.1761718,4349023.28464338,71834358.292018,28699640.8594399,3846044284026.85,1055465.98904347,2.37201139962859e+15,3291896082.21645,232704800000372,6.67826238753833e-10,NaN,NaN,NaN,NaN,NaN,NaN,NaN,NaN
200.064717,212.757153,225.4502,238.142819,250.836148,263.695005,276.559642,288.142772,300.990832,312.557412,325.415001,338.325791,351.147622,363.953022,375.500685,387.022353,399.860664,412.624561,425.423377,438.321206,451.219585,464.127069,476.980675,489.847907,502.799028,NaN,NaN,NaN,NaN,NaN,NaN
659265340.681152,704868.451529556,168647796.691136,604880209.017904,319524045.428537,1720889.48261287,821954.538408954,2327309761.73541,15492037.0185504,397547731607.329,6372573172.92946,660.353146774615,916.005972731057,24461232.9660461,25035964.8282309,907.810295199854,592974.613069465,802291906.95412,4080819529229.71,6006869879420.06,458255364284352,18781920783689.5,1.5897832991965e+15,1370.91103949707,1.32094335469901e-12,NaN,NaN,NaN,NaN,NaN,NaN
197.340525,210.123499,222.844268,235.537976,248.245504,260.944272,273.676135,285.145359,297.888013,309.361053,322.321377,335.160068,348.009306,360.835815,373.98293,385.501879,397.032192,409.82649,422.643622,435.462438,448.3228,461.087469,NaN,NaN,NaN,NaN,NaN,NaN,NaN,NaN,NaN
41831647.4509918,155809229.370778,3913934.75313859,139522.374573518,45514161.7611664,6573244544.21759,2465309689.1733,78458536.4077982,2362700.09684313,636315.429577682,686481046131.066,119746.277786578,105914.5177506,289384478587.312,494042240003.84,439176.920651213,1.48823837096695e+15,27010423291.9816,1446.81020201825,1446.81021212851,5.65501256009071e-05,3.40452555036563e-10,NaN,NaN,NaN,NaN,NaN,NaN,NaN,NaN,NaN
183.349289,196.113824,208.867966,221.678345,234.427867,247.156475,259.88957,271.342326,284.03811,295.472187,308.209415,319.667393,332.405828,343.866446,356.563879,369.249751,381.901759,394.547833,407.193839,419.851172,432.492011,445.138373,457.782753,470.433582,483.087111,495.730545,508.376009,521.017464,NaN,NaN,NaN
160614.953080799,1499027.07857838,5866424.17122122,95115.5469336268,1440276.38743952,95518889.9133912,51304844.612969,68973710.0469118,40434588.4508417,2481466687.2294,232356998915.72,215430938.331648,78326233.0634377,453596297.002585,42124290.1764423,1215798.64351864,332210.823682726,127305698.930899,202741671.775729,715536.196664031,7778159.83958158,108232865.074876,8422333.15829937,91583677.5802792,8425113.80738171,78157773.2050667,191122481.830006,2.46415776672393e-10,NaN,NaN,NaN
160.506751,176.062303,188.748658,201.427023,214.135254,226.852513,241.370137,256.251304,271.988663,286.430243,297.888469,310.576905,323.209537,335.841725,348.471183,361.790803,376.701656,393.170036,407.306175,419.410969,433.692191,446.497574,459.183807,NaN,NaN,NaN,NaN,NaN,NaN,NaN,NaN
45671659953.4941,2302043299.17246,376036376342.353,1147834496.76917,10773267636.5215,69626042350.7508,3138883776.87573,1124231771.24087,1674011848.40407,272001316807.17,20565583009.6789,660307410616660,2975069310.5135,419153815.937509,235830861.248861,2173631294254.06,4439503.92369831,1200151.87670561,1002956.25857849,2242358683022.39,867690645342062,577353854618096,8.35819857769593e-10,NaN,NaN,NaN,NaN,NaN,NaN,NaN,NaN
172.540823,185.677198,198.808581,212.227981,225.36132,238.06511,250.756795,262.411953,277.354025,289.22006,301.878731,313.265757,325.922404,338.572767,351.234536,363.882009,375.268117,387.930616,400.632905,413.33801,426.033731,438.732666,450.123164,461.514006,472.900392,485.549752,498.196227,NaN,NaN,NaN,NaN
4818278.66044987,48467257.4122916,4153806.83376276,1513553.77423391,287601564.861015,2022144062.66369,38942273378.4348,16587467302.6444,1521088538635.01,43076717081.5554,13988897415.6014,23538848058.6901,7287649334.23009,72174968764.8705,16012592414749.2,3228112696819.18,17890511.6684603,31148.7582077753,869623581977.13,2705229.1876852,2066484.02119895,17843657.1738331,23689188.9782231,24953898.7263262,25418656621261.8,3332744.18798617,6.17444761985553e-10,NaN,NaN,NaN,NaN
169.069495,181.966133,194.612584,209.017854,223.987517,238.880545,251.903565,263.531271,276.405216,287.757176,301.776359,313.619343,326.293415,337.688273,350.333997,362.961015,374.318174,386.935545,399.551114,410.910383,423.526489,434.882953,446.236233,458.88232,471.538037,484.201245,496.853765,509.507696,NaN,NaN,NaN
2168725667.05688,2478086.18555685,360802606.963112,1862976.82622636,36384254.1026269,55610017.2538935,2630444131.9328,124805645.998412,1521132210.31207,42830034484.0241,2407578660391.84,11117596014.6653,2863852014.67639,151028494549.802,80602017.8324283,45801861.4337161,1.81882431848165e+15,309217714.505095,391252389.860751,615515094090270,381335060.617744,51874979328526.4,4989148847769.45,3.36604039477569,2.31807484038258,0.319909030275745,5.20286948925327,8.14202039123302e-11,NaN,NaN,NaN
186.831107,199.523502,212.205653,224.887009,237.559254,250.239262,261.64706,274.796404,289.552516,302.185974,314.822735,327.461477,340.136646,352.810593,365.484324,378.156066,390.837197,403.517785,414.926673,426.333964,438.993033,450.372695,463.0165,475.650911,488.286112,500.926782,513.570667,526.2085,NaN,NaN,NaN
617111170.807724,253856475.80878,3538195110.65192,3017948771.22298,3308592128.00264,3557728453.41575,79708561.8992568,725.8992917252,567.114827235976,149882177.002211,2016537.31802513,547021135.177962,184544916.264083,270837075.079302,81.4005920783512,125668979.583148,5545231.35973021,1991845.44932494,4946036591.15589,197014483355.416,8170740.93889811,73610969497.6898,6943505.76014054,2405228.87788358,33405052.0934856,85850277.1892327,27518.3928644206,1.70019998080306e-10,NaN,NaN,NaN
191.264212,203.905712,216.586236,228.00799,240.651617,253.332942,264.743226,277.425453,290.11422,302.800838,315.477301,326.894947,339.573097,350.999506,363.680262,376.362935,389.038199,NaN,NaN,NaN,NaN,NaN,NaN,NaN,NaN,NaN,NaN,NaN,NaN,NaN,NaN
9401180099.32425,227179133253.267,143534310.664737,228511870.019623,394540566.049724,1063817899.22668,2371279574263.39,233876097.360331,102623229.092911,606319.899208092,188210.83367411,104171964332070,0.000178611856091804,4.63444242426725e-06,8.0871331853416e-10,1.34434596787969e-09,8.08516587014196e-10,NaN,NaN,NaN,NaN,NaN,NaN,NaN,NaN,NaN,NaN,NaN,NaN,NaN,NaN
