1.608398,1.646269,1.684104,1.721772,1.759848,1.797644,1.835564,1.873464,1.911279,1.948874,1.986765,2.024573,2.062481,2.100313,2.139026,2.177166,2.214932,2.252717,2.290908,2.328732,2.366719,2.404661,2.442484,2.48414,NaN,NaN,NaN
0.000213707976980726,7.63015677779366e-05,2.84635109338849e-05,8.54280077466907e-06,1.82588720043508e-06,2.04712663820494e-07,1.306483554675e-08,3.31971262701458e-08,2.38366310023608e-08,7.43117556378792e-09,1.2049484743315e-09,8.84364803610538e-11,4.4698356127526e-11,5.3536619581962e-11,2.80350187509271e-11,7.41795513903298e-12,7.5950357114607e-13,2.23154827949656e-14,1.06692432666478e-13,8.20454815197991e-14,3.11972669919669e-14,6.77236045021345e-15,5.55111512312578e-16,5.55111512312578e-16,NaN,NaN,NaN
1.305448,1.34192,1.378371,1.414885,1.451951,1.488373,1.524458,1.560399,1.596441,1.632466,1.668544,1.704526,1.740508,1.77667,1.812712,1.848682,1.8847,1.920583,1.956434,1.992292,2.028126,2.064181,2.100187,2.1364,2.161779,NaN,NaN
0.00195673462614532,0.00114777654336451,0.000529758742290998,0.000157608142572929,5.86941659252993e-06,5.72893126915552e-06,1.22312713801698e-06,1.21147700982149e-07,1.22112825629017e-07,9.76458736090535e-09,5.43233946714849e-09,1.92552751521191e-09,1.34445343746847e-10,1.59116275710858e-10,2.11792805515643e-11,5.85687054410755e-12,3.13171710786264e-12,2.27151630838307e-13,2.02282635086704e-13,4.37427871702312e-14,5.99520433297585e-15,5.10702591327572e-15,6.66133814775094e-16,-2.22044604925031e-16,4.44089209850063e-16,NaN,NaN
1.367128,1.402615,1.438035,1.473166,1.508467,1.543573,1.578913,1.614017,1.649512,1.68479,1.720407,1.755836,1.791379,1.826537,1.862052,1.89715,1.932465,1.967513,2.003076,2.038251,2.07375,2.115306,NaN,NaN,NaN,NaN,NaN
0.000656552936050714,0.000316743150966969,0.000136012077228465,3.08628614429374e-05,1.42775024336572e-06,5.59693980939358e-07,7.6586219122099e-07,1.90892610163473e-07,5.49263412530365e-09,5.717740503286e-09,6.09700379072819e-09,1.33576127936408e-09,2.0107915332801e-11,5.78794789873882e-11,4.94257967886824e-11,9.25992615918858e-12,4.75175454539567e-14,5.6710192097853e-13,3.95905530581331e-13,6.28386231937839e-14,6.66133814775094e-16,6.66133814775094e-16,NaN,NaN,NaN,NaN,NaN
1.491845,1.527521,1.563236,1.598966,1.634609,1.670373,1.706134,1.741929,1.777694,1.813427,1.849044,1.884792,1.9204,1.956119,1.991758,2.027582,2.069555,NaN,NaN,NaN,NaN,NaN,NaN,NaN,NaN,NaN,NaN
0.000281188240558894,1.91059288061624e-05,2.40129004391854e-06,4.4292480283481e-07,5.62643969193033e-08,4.9045127958891e-09,1.49109125047175e-09,5.19761567119303e-10,8.13034084501396e-11,1.30992994229473e-11,1.12843068222901e-12,1.97841742988203e-13,1.23678844943242e-13,2.88657986402541e-14,3.77475828372553e-15,6.66133814775094e-16,6.66133814775094e-16,NaN,NaN,NaN,NaN,NaN,NaN,NaN,NaN,NaN,NaN
1.960234,1.996361,2.032302,2.068148,2.104069,2.139805,2.175603,2.211336,2.247253,2.282851,2.318631,2.354402,2.390353,2.426352,2.462305,2.498195,2.533972,2.569885,2.605739,2.641521,2.677385,2.713272,2.749026,2.78493,2.810282,NaN,NaN
0.000662412860620742,0.000294723404288044,0.000109161537070745,2.45755711032469e-05,4.78834460793109e-06,8.35247230934755e-07,1.48506500652346e-07,1.19794531183715e-07,6.29481367031559e-08,1.10718363366402e-08,5.00364860656077e-10,5.63962432309495e-10,3.6560932059615e-10,1.36009203899334e-10,3.06656922077764e-11,1.64157576421076e-12,8.51541059887495e-13,1.14064313549989e-12,3.9146463848283e-13,5.6621374255883e-14,5.32907051820075e-15,3.5527136788005e-15,2.66453525910038e-15,8.88178419700125e-16,2.22044604925031e-16,NaN,NaN
2.25045,2.290871,2.33129,2.371774,2.41211,2.452618,2.492939,2.533324,2.573826,2.614285,2.654606,2.695037,2.735296,2.775885,2.817626,2.858253,2.898689,2.915197,NaN,NaN,NaN,NaN,NaN,NaN,NaN,NaN,NaN
0.000504498755063976,0.000120582086622578,1.73955122699798e-05,1.5748074373434e-06,1.41997335889599e-07,7.97632373483737e-08,1.91340225885739e-08,1.6849899253657e-09,2.56946908194777e-10,1.03288488872977e-10,2.36077823956293e-11,2.78665979180914e-12,3.70814490224802e-13,1.43218770176645e-13,3.15303338993544e-14,3.77475828372553e-15,4.44089209850063e-16,0,NaN,NaN,NaN,NaN,NaN,NaN,NaN,NaN,NaN
1.921733,1.958577,1.995269,2.031983,2.068806,2.105493,2.142101,2.17864,2.215248,2.25168,2.288296,2.324887,2.361466,2.39806,2.434559,2.47119,2.514137,NaN,NaN,NaN,NaN,NaN,NaN,NaN,NaN,NaN,NaN
0.000226504572979014,2.49276420691835e-05,4.01323957799349e-06,4.80270242464442e-07,4.90883200754411e-08,1.22783954115135e-08,3.318204599978e-09,6.2713700899053e-10,1.16575193942481e-10,1.90929494436887e-11,3.19300141882195e-12,5.45563594300802e-13,1.69864122767649e-13,4.57411886145564e-14,6.43929354282591e-15,2.22044604925031e-16,2.22044604925031e-16,NaN,NaN,NaN,NaN,NaN,NaN,NaN,NaN,NaN,NaN
1.928348,1.964073,1.999745,2.035457,2.071171,2.106811,2.142461,2.178093,2.213542,2.248954,2.284731,2.320301,2.355907,2.391508,2.42715,2.462778,2.498356,2.516243,NaN,NaN,NaN,NaN,NaN,NaN,NaN,NaN,NaN
0.000409005319592204,9.14075143252369e-05,1.22553785444346e-05,9.6686133344015e-07,1.61425411260296e-07,6.17784419176814e-08,1.13455620454062e-08,1.00224117893788e-09,2.73308264908678e-10,9.20459264364126e-11,1.01243458061617e-11,9.97202320718316e-13,5.44009282066327e-13,1.22790666523542e-13,1.17683640610267e-14,1.33226762955019e-15,6.66133814775094e-16,4.44089209850063e-16,NaN,NaN,NaN,NaN,NaN,NaN,NaN,NaN,NaN
2.033624,2.069641,2.105696,2.141646,2.177561,2.213331,2.249214,2.284801,2.320523,2.355929,2.391707,2.427285,2.46279,2.498195,2.534012,2.569417,2.604876,2.640417,2.676201,2.711781,2.747459,2.782894,2.82433,NaN,NaN,NaN,NaN
0.000501788241401346,0.000181657021402604,6.67341950579825e-05,2.06703107028527e-05,3.40086176198184e-06,1.90608357764077e-07,9.45028009180504e-08,1.13456098516096e-07,5.22289314019986e-08,1.15610572226643e-08,7.11961600785571e-10,1.30925714714181e-10,3.05747205331386e-10,1.62880153808942e-10,3.92750276745346e-11,3.36419780921915e-12,2.83106871279415e-13,7.89146525903561e-13,4.89164264649844e-13,1.3988810110277e-13,1.57651669496772e-14,1.11022302462516e-15,1.11022302462516e-15,NaN,NaN,NaN,NaN
2.01696,2.05274,2.088533,2.124248,2.159903,2.195593,2.231386,2.267085,2.30293,2.339667,2.375336,2.410998,2.446534,2.482099,2.517596,2.553303,2.588872,2.624477,2.660152,2.695682,2.731272,2.766852,2.802608,2.844536,NaN,NaN,NaN
0.000963640931604282,0.00028782480197509,3.00615616388722e-05,7.2869134217779e-06,1.87345873303713e-06,5.29516869907098e-07,1.20043425644312e-07,3.04553711139022e-08,1.04448929505452e-08,1.95077065612281e-09,9.14323061707023e-10,4.40104175325473e-10,1.19663834396988e-10,1.89908089254232e-11,4.60698146298455e-12,1.83031367839703e-12,6.07736083679811e-13,2.22932783344731e-13,8.5043083686287e-14,2.93098878501041e-14,9.32587340685131e-15,3.33066907387547e-15,6.66133814775094e-16,6.66133814775094e-16,NaN,NaN,NaN
2.087481,2.122812,2.15844,2.193772,2.229203,2.264641,2.300152,2.335481,2.371879,2.407178,2.442622,2.477927,2.513339,2.548828,2.584226,2.619632,2.655267,2.690749,2.72618,2.761611,2.797023,2.832332,2.867701,2.90311,2.924492,NaN,NaN
0.000381388588850395,0.000106496103592368,2.50085701980485e-05,7.68463729827751e-06,2.18645935179396e-06,5.46885297936228e-07,6.56291956335764e-08,4.82004192114971e-09,1.02275674596086e-08,6.17590090179476e-09,2.27901164606692e-09,5.97799365564811e-10,1.181044151366e-10,9.97624205467673e-12,3.52029516648145e-12,4.81659157003378e-12,2.6896262994569e-12,8.30668867024542e-13,1.70974345792274e-13,2.48689957516035e-14,3.5527136788005e-15,3.77475828372553e-15,3.10862446895044e-15,1.77635683940025e-15,1.33226762955019e-15,NaN,NaN
2.266711,2.302855,2.338959,2.374892,2.410815,2.446745,2.482848,2.51884,2.554853,2.590772,2.627916,2.663802,2.699633,2.735746,2.771764,2.807685,2.843663,2.879495,2.915568,2.951375,2.987399,3.023309,3.059147,3.070163,NaN,NaN,NaN
0.000401321840400648,0.000166762114017116,5.41079553291191e-05,1.29508520660959e-05,3.72413295668395e-06,6.22929945848227e-07,3.69878820905001e-08,5.05573867215503e-08,3.10344412390862e-08,1.08447784086252e-08,2.58752552717567e-09,2.34799291121135e-10,3.7724934287553e-11,7.01221303245347e-11,3.62305740964075e-11,1.00306429828834e-11,1.46438416948058e-12,8.92619311798626e-14,1.10134124042816e-13,9.39248678832882e-14,3.77475828372553e-14,7.32747196252603e-15,-4.44089209850063e-16,-1.11022302462516e-15,NaN,NaN,NaN
2.517908,2.554076,2.590287,2.627571,2.663681,2.69994,2.736027,2.772301,2.808227,2.844426,2.880576,2.91673,2.952805,2.989089,3.02506,3.060945,3.096844,3.133009,3.16922,3.205343,3.241445,3.277319,3.313271,3.349211,3.374566,NaN,NaN
0.00113791962581988,0.000576461484707025,0.000248159339578224,6.81326421025918e-05,7.49406825861776e-06,1.05272978823123e-06,1.01940067898099e-06,3.91417406264694e-07,4.12388139192643e-08,1.08131614773299e-08,9.59114165866026e-09,2.78162870515075e-09,3.09846148738302e-10,9.49336165234627e-11,7.91533505406505e-11,2.44246844971485e-11,2.9849456240072e-12,7.75601805003134e-13,6.34159391665889e-13,2.03836947321179e-13,2.50910403565285e-14,8.65973959207622e-15,6.43929354282591e-15,1.99840144432528e-15,1.11022302462516e-15,NaN,NaN
2.015883,2.051618,2.0885,2.124321,2.160068,2.195952,2.23159,2.267251,2.302866,2.338643,2.374274,2.410012,2.445626,2.4812,2.5169,2.552663,2.588332,2.59572,NaN,NaN,NaN,NaN,NaN,NaN,NaN,NaN,NaN
0.000311338398111927,3.97248073551459e-05,6.91211931069802e-06,7.39195615828692e-07,7.1924932454337e-08,1.87119555405957e-08,5.87842619026446e-09,1.2607546118204e-09,1.75387704359764e-10,2.46169751250136e-11,4.83368900461301e-12,1.49169565588636e-12,3.90354415458205e-13,5.41788836017076e-14,4.21884749357559e-15,1.77635683940025e-15,4.44089209850063e-16,2.22044604925031e-16,NaN,NaN,NaN,NaN,NaN,NaN,NaN,NaN,NaN
1.60926,1.647358,1.685142,1.723003,1.760799,1.798704,1.836545,1.874308,1.91223,1.949908,1.987587,2.025418,2.063086,2.100771,2.139856,2.177644,2.215393,2.253048,2.290713,2.328395,2.366228,2.404081,2.441711,2.479426,2.517095,2.525001,NaN
0.00203442073838955,0.00123415428575724,0.000598468191816748,0.000202038246404523,8.95154258717668e-06,4.71917309630143e-06,1.38442406893979e-06,1.47437924535865e-07,1.21437513822542e-07,1.64497975241318e-08,3.69457286986119e-09,2.58756083226785e-09,3.21636939304426e-10,1.71004099769334e-10,2.77990963581942e-11,9.7337693460986e-12,5.15854026161833e-12,6.75459688181945e-13,2.1360690993788e-13,8.68194405256872e-14,3.15303338993544e-14,7.99360577730113e-15,2.44249065417534e-15,1.33226762955019e-15,1.11022302462516e-15,8.88178419700125e-16,NaN
2.224936,2.262712,2.300367,2.33803,2.375727,2.412828,2.449699,2.486652,2.523858,2.56086,2.597766,2.634804,2.671863,2.708734,2.745764,2.771844,NaN,NaN,NaN,NaN,NaN,NaN,NaN,NaN,NaN,NaN,NaN
0.000176327171420798,1.78311868932468e-05,2.83092486808023e-06,4.31353569529946e-07,3.98503776644077e-08,3.4411691274272e-09,2.17727813556223e-09,6.62852661648117e-10,9.40427735685034e-11,6.89936996423057e-12,7.92699239582362e-13,5.92192961335058e-13,1.91402449445377e-13,2.48689957516035e-14,1.33226762955019e-15,4.44089209850063e-16,NaN,NaN,NaN,NaN,NaN,NaN,NaN,NaN,NaN,NaN,NaN
2.258537,2.301647,2.342513,2.383392,2.42424,2.46492,2.505705,2.546492,2.587344,2.628084,2.668881,2.70956,2.750318,2.791115,2.831809,2.87334,2.91393,2.922612,NaN,NaN,NaN,NaN,NaN,NaN,NaN,NaN,NaN
0.000375260478917339,7.77868319183916e-05,1.04896220267658e-05,9.28064495475667e-07,1.5603121261698e-07,4.99743972870448e-08,8.04040656277039e-09,1.37645050912738e-09,3.54387408307844e-10,4.76452211017886e-11,6.47459863500899e-12,2.6612045900265e-12,5.65547608744055e-13,4.50750547997814e-14,9.54791801177635e-15,4.44089209850063e-15,8.88178419700125e-16,4.44089209850063e-16,NaN,NaN,NaN,NaN,NaN,NaN,NaN,NaN,NaN
2.31395,2.349837,2.385552,2.421218,2.456863,2.492472,2.528165,2.564039,2.599533,2.635443,2.67104,2.706545,2.742027,2.777637,2.813202,2.848748,2.856062,NaN,NaN,NaN,NaN,NaN,NaN,NaN,NaN,NaN,NaN
0.000261760579741033,3.76797824419572e-05,4.19869338119661e-06,6.89466667314065e-07,9.3785149202219e-08,1.21182239798401e-08,3.19095505574296e-09,9.79314407345555e-10,1.6836465555059e-10,1.2137624239017e-11,2.15849560447623e-12,1.0627054791712e-12,2.34479102800833e-13,3.84137166520304e-14,3.99680288865056e-15,0,2.22044604925031e-16,NaN,NaN,NaN,NaN,NaN,NaN,NaN,NaN,NaN,NaN
1.498158,1.534111,1.570121,1.606201,1.642256,1.677859,1.713273,1.748609,1.783868,1.819148,1.854514,1.88988,1.925165,1.960471,1.995729,2.030989,2.066324,2.101571,2.136925,2.172175,2.207589,2.242791,2.278279,2.313717,2.349022,2.356328,NaN
0.00251587539235776,0.00148259802551931,0.000681970585735492,0.00020912148784813,1.49348244367076e-05,5.18112982539343e-06,6.67934966891437e-07,4.68524137264836e-07,1.13135266932574e-07,1.0716133980182e-08,5.14983145016856e-09,2.71697597753473e-09,8.14158740425341e-10,6.84261536321173e-11,2.28403962410084e-11,2.35282904270662e-11,5.63571411760222e-12,5.6932236702778e-13,1.32782673745169e-13,1.85407245112401e-13,5.04041253179821e-14,4.21884749357559e-15,1.55431223447522e-15,1.99840144432528e-15,1.55431223447522e-15,8.88178419700125e-16,NaN
2.253198,2.289823,2.326102,2.362542,2.398861,2.435199,2.471537,2.507744,2.544098,2.580526,2.616999,2.653298,2.689458,2.725642,2.762049,2.798461,2.836965,2.873219,2.909382,2.945517,2.982019,3.018348,3.0548,3.091125,3.095011,NaN,NaN
0.00152368356154242,0.000641620828266021,0.000170342507102905,2.15074627250011e-05,4.35405438303782e-06,8.62961056169453e-07,4.03838980034266e-07,1.45855907129899e-07,3.95381505313708e-08,3.83279319393637e-09,2.32066588168323e-09,1.26233445918444e-09,2.97927904568951e-10,5.546030301673e-11,1.7936763185844e-11,7.37476746337506e-12,2.74180678161429e-12,7.62945262522408e-13,1.46105350040671e-13,4.19664303308309e-14,2.33146835171283e-14,8.65973959207622e-15,2.66453525910038e-15,8.88178419700125e-16,4.44089209850063e-16,NaN,NaN
2.207578,2.243399,2.279283,2.315144,2.350971,2.386885,2.422728,2.458519,2.494308,2.530089,2.565847,2.602033,2.63788,2.673819,2.709812,2.745724,2.749524,NaN,NaN,NaN,NaN,NaN,NaN,NaN,NaN,NaN,NaN
0.000267710348210937,4.86263692589528e-05,4.77445151214617e-06,5.21786299501059e-07,1.39809125165868e-07,2.08812287461058e-08,2.29546959218396e-09,9.92873339100697e-10,1.86234805354957e-10,1.79947168277295e-11,3.65618646469557e-12,9.65449942214036e-13,1.80300219199125e-13,4.52970994047064e-14,6.88338275267597e-15,2.22044604925031e-16,0,NaN,NaN,NaN,NaN,NaN,NaN,NaN,NaN,NaN,NaN
1.159209,1.199981,1.240564,1.281433,1.322147,1.362895,1.403796,1.444452,1.485194,1.526131,1.566836,1.608067,1.648935,1.689688,1.730664,1.771463,1.792221,NaN,NaN,NaN,NaN,NaN,NaN,NaN,NaN,NaN,NaN
0.000304118870460446,9.57487767956344e-05,1.06477294998797e-05,1.04334385353511e-07,2.99881281362602e-07,7.4232364255522e-08,1.34470368173822e-09,1.21705090450064e-09,5.22241805356316e-10,2.01203498306768e-11,4.41247038907022e-12,3.27338156580481e-12,2.56017429478561e-13,1.02140518265514e-14,1.95399252334028e-14,2.66453525910038e-15,4.44089209850063e-16,NaN,NaN,NaN,NaN,NaN,NaN,NaN,NaN,NaN,NaN
1.473663,1.509507,1.545246,1.580938,1.616876,1.652696,1.688479,1.724198,1.759989,1.795704,1.831392,1.867097,1.902698,1.939125,1.974916,2.010563,2.046372,2.081936,2.11752,2.15317,2.188964,2.224657,2.260344,2.295831,2.299603,NaN,NaN
0.00140999772728789,0.000816583035278207,0.000377409910204296,0.000111978717098893,4.53340683126413e-06,4.118184752544e-06,1.3526863058555e-06,6.44450142139874e-08,9.78906162796278e-08,2.07812114183525e-08,1.81805681620517e-09,2.32693309065723e-09,3.16257020571697e-10,5.92530469134545e-11,5.3612003725334e-11,4.10582678966875e-12,2.01239025443556e-12,1.15996101612836e-12,2.93098878501041e-14,7.105427357601e-14,2.08721928629529e-14,4.44089209850063e-16,2.22044604925031e-15,0,0,NaN,NaN
1.794475,1.831286,1.868064,1.904735,1.941426,1.978086,2.014824,2.051559,2.088464,2.125119,2.161834,2.198618,2.235435,2.272051,2.308839,2.345715,2.371569,NaN,NaN,NaN,NaN,NaN,NaN,NaN,NaN,NaN,NaN
0.000353251943204791,4.00563282532129e-05,4.19450702504598e-06,3.36072257356435e-07,1.20250905455421e-07,2.02561676321267e-08,2.18565854304131e-09,6.34135410848558e-10,1.3960677058833e-10,1.89566140562647e-11,3.84137166520304e-12,5.95301585804009e-13,1.37223565843669e-13,3.68594044175552e-14,4.66293670342566e-15,8.88178419700125e-16,6.66133814775094e-16,NaN,NaN,NaN,NaN,NaN,NaN,NaN,NaN,NaN,NaN
1.02656,1.062516,1.098349,1.134281,1.170266,1.206164,1.241943,1.277703,1.313552,1.349464,1.385257,1.421118,1.457095,1.489187,NaN,NaN,NaN,NaN,NaN,NaN,NaN,NaN,NaN,NaN,NaN,NaN,NaN
5.43604542118103e-05,1.6266599282666e-05,3.20263076947214e-06,2.73946885176457e-07,8.89393891867485e-10,7.85812570569533e-09,3.96044974593224e-09,6.30125285283611e-10,2.04849470719637e-11,3.69126951227372e-12,4.77484718430787e-12,1.20481402632322e-12,9.41469124882133e-14,-4.44089209850063e-16,NaN,NaN,NaN,NaN,NaN,NaN,NaN,NaN,NaN,NaN,NaN,NaN,NaN
2.614919,2.650794,2.686598,2.722518,2.758263,2.794026,2.829678,2.865462,2.901348,2.937128,2.972794,3.008397,3.044046,3.079835,3.115912,3.151614,3.155412,NaN,NaN,NaN,NaN,NaN,NaN,NaN,NaN,NaN,NaN
0.000209651788495746,1.66612498424534e-05,2.84698712760267e-06,2.92915335986521e-07,3.29242075824965e-08,1.0268649486278e-08,2.04024463990038e-09,3.4668312665076e-10,7.14144299251984e-11,1.61235469420262e-11,2.29283259045587e-12,2.87103674168065e-13,9.10382880192628e-14,2.97539770599542e-14,5.32907051820075e-15,4.44089209850063e-16,2.22044604925031e-16,NaN,NaN,NaN,NaN,NaN,NaN,NaN,NaN,NaN,NaN
1.314934,1.350757,1.386506,1.422179,1.457893,1.493517,1.529081,1.564619,1.600264,1.635953,1.671539,1.707139,1.742714,1.778317,1.813903,1.849462,1.878166,NaN,NaN,NaN,NaN,NaN,NaN,NaN,NaN,NaN,NaN
0.000449729733988491,9.09178136367927e-05,1.35026241085967e-05,1.413527717542e-06,1.00783816625594e-07,4.27069213326803e-08,1.60190325448895e-08,2.11103534653034e-09,3.36868311023863e-11,5.19728704517775e-11,2.18209894597976e-11,2.85926837761963e-12,1.23900889548167e-13,4.88498130835069e-14,2.79776202205539e-14,4.66293670342566e-15,0,NaN,NaN,NaN,NaN,NaN,NaN,NaN,NaN,NaN,NaN
2.594465,2.629741,2.665014,2.700189,2.735536,2.770735,2.806066,2.841237,2.877409,2.912669,2.947878,2.983143,3.018628,3.053911,3.089226,3.12449,3.159691,3.195056,3.230234,3.265455,3.300658,3.33584,3.37111,3.402961,NaN,NaN,NaN
0.00156561411002865,0.000812895105767986,0.000347973230792942,9.09940603857073e-05,7.79655727134454e-06,1.64671567826069e-06,1.31393974878158e-06,4.30980631849209e-07,3.10364920430573e-08,1.14340064083507e-08,1.1734005767039e-08,2.36375075068906e-09,8.63273896811734e-11,1.55227386500201e-10,8.64599503103136e-11,1.25395249739313e-11,5.07593966858622e-13,1.6002754676947e-12,6.40598685208715e-13,4.32986979603811e-14,9.99200722162641e-15,1.66533453693773e-14,3.77475828372553e-15,2.22044604925031e-16,NaN,NaN,NaN
1.502436,1.538095,1.573666,1.609125,1.64531,1.68071,1.716149,1.75167,1.787108,1.82264,1.858438,1.894,1.929577,1.96517,2.000616,2.036048,2.071467,2.075241,NaN,NaN,NaN,NaN,NaN,NaN,NaN,NaN,NaN
0.000584392105939635,0.000115602696910244,1.64252736034598e-05,2.06948921688266e-06,9.61042287972447e-08,4.57606099679708e-08,1.95363449861929e-08,2.75797651383414e-09,1.17929666032524e-10,4.23840962326949e-11,2.33919550396422e-11,4.57145432619654e-12,2.54019028034236e-13,2.48689957516035e-14,2.88657986402541e-14,6.66133814775094e-15,-2.22044604925031e-16,0,NaN,NaN,NaN,NaN,NaN,NaN,NaN,NaN,NaN
1.631816,1.668105,1.704501,1.741192,1.7778,1.814108,1.850459,1.886685,1.923196,1.959666,1.99671,2.032873,2.069017,2.105358,2.141551,2.177677,2.2139,2.250199,2.286354,2.322546,2.358601,2.394866,2.431042,2.445786,NaN,NaN,NaN
0.000391587483263622,0.000164393653740103,6.7981636733272e-05,1.69388025947903e-05,1.64612821929033e-06,5.52938592690566e-08,2.51610284607295e-07,1.42595468322071e-07,2.87446058067076e-08,9.47629974490383e-10,7.92892640433251e-10,1.03149466745833e-09,3.63898022825992e-10,4.27284874149336e-11,3.61044527608101e-13,5.32351940307763e-12,3.46012107854676e-12,7.71605002114484e-13,3.35287353436797e-14,1.48769885299771e-14,2.46469511466785e-14,9.76996261670138e-15,1.55431223447522e-15,2.22044604925031e-16,NaN,NaN,NaN
2.097543,2.133335,2.169201,2.204818,2.240776,2.276526,2.31242,2.348104,2.384059,2.419771,2.455658,2.491557,2.527411,2.563388,2.599114,2.645314,2.680737,2.716291,2.751612,2.786906,2.822061,2.857318,2.892558,2.896302,NaN,NaN,NaN
0.000414627265064915,5.29614542370549e-05,9.47022281150289e-06,1.62706508755051e-06,4.30588993571845e-07,1.36055971156068e-07,2.84058963018197e-08,1.27207220312897e-08,4.90647322770599e-09,7.05170144499334e-10,1.26384236409649e-10,1.1570322477894e-10,4.20448120763695e-11,8.89133211501303e-12,2.1289636720212e-12,5.48228129559902e-13,2.13384865332955e-13,1.0635936575909e-13,3.59712259978551e-14,5.55111512312578e-15,6.66133814775094e-16,2.22044604925031e-16,2.22044604925031e-16,-2.22044604925031e-16,NaN,NaN,NaN
1.448367,1.484556,1.520571,1.556619,1.592669,1.628729,1.664705,1.700694,1.736523,1.772413,1.808498,1.844559,1.880483,1.916598,1.952712,1.988603,2.024633,2.060542,2.096364,2.132279,2.168132,2.179192,NaN,NaN,NaN,NaN,NaN
0.000136318885293085,6.27225854960001e-05,2.18082546376008e-05,5.22159999449823e-06,1.00081199183588e-06,6.77511301505618e-08,2.79863546781556e-08,3.85314061768227e-08,1.37808812139539e-08,2.14093021089212e-09,1.9969548237242e-10,8.68553007293826e-11,8.61654081418806e-11,3.95493637839195e-11,7.2123418348724e-12,2.50355292052973e-13,2.18824958153618e-13,2.39919195621496e-13,1.02917674382752e-13,2.20934381900406e-14,1.11022302462516e-16,-9.99200722162641e-16,NaN,NaN,NaN,NaN,NaN
1.344388,1.379711,1.41509,1.450573,1.485926,1.521315,1.556663,1.592026,1.627465,1.662904,1.698231,1.733533,1.768917,1.804383,1.839725,1.875085,1.910458,1.928445,NaN,NaN,NaN,NaN,NaN,NaN,NaN,NaN,NaN
0.000505622253167859,0.000169164374331343,2.00287162535062e-05,2.99154252703104e-07,6.98290546496949e-07,7.6925995573518e-08,3.7141132391838e-09,4.2040420034084e-09,3.26233040581769e-10,3.99980049081705e-11,2.4174440227398e-11,1.57229784747415e-12,3.07531777821168e-13,1.41442413337245e-13,7.54951656745106e-15,2.66453525910038e-15,8.88178419700125e-16,0,NaN,NaN,NaN,NaN,NaN,NaN,NaN,NaN,NaN
1.712163,1.747484,1.78284,1.818255,1.853536,1.888918,1.924324,1.959749,1.995171,2.030613,2.066085,2.101417,2.136959,2.172376,2.207708,2.243947,2.27912,2.314485,2.349806,2.38514,2.420591,2.455878,2.491055,2.526373,2.5546,NaN,NaN
0.00082268033938715,0.000291603413191233,7.63846813305324e-05,1.31383510744154e-05,1.81690569212023e-06,6.7450703933325e-07,3.73171392453742e-07,1.24427557590678e-07,1.34561624065554e-08,1.98693617114998e-09,3.68492103497431e-09,1.24500010301176e-09,1.10560449684272e-10,3.23232551835417e-11,2.84376966419586e-11,1.02358121978341e-11,1.62314606200198e-12,1.39666056497845e-13,2.30038210702332e-13,1.22124532708767e-13,1.82076576038526e-14,8.88178419700125e-16,2.88657986402541e-15,8.88178419700125e-16,4.44089209850063e-16,NaN,NaN
2.328317,2.368833,2.408989,2.449449,2.48959,2.530027,2.570337,2.610724,2.650935,2.691285,2.731527,2.771938,2.812172,2.852466,2.892627,2.921085,NaN,NaN,NaN,NaN,NaN,NaN,NaN,NaN,NaN,NaN,NaN
0.00020431990082348,2.29968142440029e-05,2.99504452416777e-06,4.46193729297661e-07,4.56117057456851e-08,1.13415576930009e-08,2.50932497003475e-09,4.61953586494701e-10,1.04561914682222e-10,1.87043713850699e-11,1.87161397491309e-12,3.33066907387547e-13,1.51656465163796e-13,3.93018950717305e-14,3.99680288865056e-15,4.44089209850063e-16,NaN,NaN,NaN,NaN,NaN,NaN,NaN,NaN,NaN,NaN,NaN
1.102171,1.138141,1.174119,1.210211,1.245956,1.281871,1.317901,1.35402,1.390137,1.426443,1.462517,1.498613,1.534816,1.570891,1.607006,1.643065,1.679001,1.714812,1.750889,1.754774,NaN,NaN,NaN,NaN,NaN,NaN,NaN
2.96562927626365e-05,1.00977892214527e-05,4.10037109599415e-06,1.24381183752575e-06,2.57585060170484e-07,2.73151243845859e-08,2.14249062935323e-10,1.48357104379215e-09,1.55547419389279e-09,6.8261174490658e-10,1.74306569178384e-10,2.32458496896015e-11,4.70956607045991e-13,6.19060358530987e-13,9.00168828366077e-13,4.48530101948563e-13,1.26787469412193e-13,2.17603712826531e-14,1.55431223447522e-15,1.33226762955019e-15,NaN,NaN,NaN,NaN,NaN,NaN,NaN
1.535665,1.571144,1.6069,1.642566,1.678089,1.713698,1.749175,1.784842,1.820381,1.855968,1.891811,1.927164,1.962592,1.998137,2.033729,2.065986,NaN,NaN,NaN,NaN,NaN,NaN,NaN,NaN,NaN,NaN,NaN
0.000195699049841513,1.30036355714402e-05,1.43602156255085e-06,2.82201614520972e-07,4.01535891203508e-08,3.15101034153997e-09,1.15569553926775e-09,2.86612733546576e-10,4.98774355150999e-11,9.35829191917037e-12,6.59028387417493e-13,1.61648472385423e-13,6.97220059464598e-14,1.4432899320127e-14,3.10862446895044e-15,2.22044604925031e-16,NaN,NaN,NaN,NaN,NaN,NaN,NaN,NaN,NaN,NaN,NaN
3.137547,3.178408,3.21926,3.259868,3.300634,3.341448,3.386163,3.426985,3.467959,3.508818,3.549563,3.590385,3.631366,3.672188,3.712624,3.753011,3.763463,NaN,NaN,NaN,NaN,NaN,NaN,NaN,NaN,NaN,NaN
0.000178771809360656,1.89952689266804e-05,1.58453789556035e-06,2.05606879966069e-07,5.38182896026029e-08,8.48395975694416e-09,1.28978849822659e-09,2.11754169754386e-10,5.43045608480952e-11,1.02051700423544e-11,8.835154829967e-13,3.13749026759069e-13,7.105427357601e-14,6.43929354282591e-15,1.77635683940025e-15,4.44089209850063e-16,2.22044604925031e-16,NaN,NaN,NaN,NaN,NaN,NaN,NaN,NaN,NaN,NaN
1.785416,1.821542,1.857451,1.8934,1.92935,1.965268,2.001855,2.037676,2.073542,2.109415,2.14532,2.181183,2.217118,2.253058,2.28912,2.324958,2.360974,2.382774,NaN,NaN,NaN,NaN,NaN,NaN,NaN,NaN,NaN
0.000599929843772884,0.000155828920178847,1.67000345785429e-05,1.64060691365542e-06,4.25299477191388e-07,6.77735692011794e-08,1.04138129231046e-08,3.46114115146179e-09,4.99614793980641e-10,5.89843729414952e-11,1.58384416693025e-11,3.03401748169563e-12,8.66862137627322e-13,1.26787469412193e-13,6.66133814775094e-15,4.44089209850063e-15,1.77635683940025e-15,4.44089209850063e-16,NaN,NaN,NaN,NaN,NaN,NaN,NaN,NaN,NaN
2.239941,2.275099,2.310183,2.345152,2.38016,2.415111,2.450242,2.48556,2.520917,2.556461,2.591505,2.626501,2.661525,2.696899,2.732146,2.746549,NaN,NaN,NaN,NaN,NaN,NaN,NaN,NaN,NaN,NaN,NaN
0.000185179029866145,1.906231024007e-05,2.51825290331631e-06,3.8973512150875e-07,4.16607357500709e-08,3.70766395363376e-09,1.7794383744274e-09,5.29671417837108e-10,8.03019872819277e-11,5.92881299610326e-12,7.94475596421762e-13,4.64961402713016e-13,1.36335387423969e-13,2.1538326677728e-14,1.55431223447522e-15,4.44089209850063e-16,NaN,NaN,NaN,NaN,NaN,NaN,NaN,NaN,NaN,NaN,NaN
1.60952,1.645777,1.682233,1.718428,1.755017,1.791293,1.827733,1.863862,1.900281,1.936477,1.972931,2.009071,2.045443,2.081681,2.118059,2.154126,2.190507,2.226641,2.262995,2.299182,2.33554,2.371714,2.40811,2.444412,2.459316,NaN,NaN
0.000242338260105335,5.35701309472003e-05,2.4264495398052e-05,8.32669317274437e-06,2.08910346066737e-06,2.97221665057634e-07,1.10911069217678e-08,8.73798855494101e-09,1.35661490929806e-08,7.5897881313125e-09,2.46900500044944e-09,4.54687620887739e-10,2.714517499669e-11,3.81561449103174e-12,1.25104371306861e-11,8.61311022504196e-12,3.21254134405535e-12,7.00328683933549e-13,6.26165785888588e-14,-8.88178419700125e-16,9.76996261670138e-15,8.88178419700125e-15,3.99680288865056e-15,0,0,NaN,NaN
2.18169,2.217654,2.253748,2.289797,2.325488,2.361538,2.397453,2.433493,2.469087,2.505057,2.541036,2.576888,2.612753,2.648653,2.68443,2.720321,2.756157,2.792123,2.828031,2.863647,2.899248,2.934986,2.97063,3.006257,3.013681,NaN,NaN
0.00161574227866423,0.00079034031987546,0.000310812699740204,7.00891943192783e-05,1.07658233048369e-05,2.49126198004213e-06,1.03446511845462e-06,2.84062912525584e-07,4.47867409825164e-08,2.81988599137861e-08,1.36534654693321e-08,2.16831108623694e-09,7.80422393376057e-11,1.90272464450914e-10,9.99980098725928e-11,2.25577334589389e-11,5.63482593918252e-12,2.05990779988952e-12,4.53859172466764e-13,7.21644966006352e-14,6.10622663543836e-14,3.15303338993544e-14,6.21724893790088e-15,4.44089209850063e-16,6.66133814775094e-16,NaN,NaN
1.067695,1.103515,1.139108,1.177563,1.212923,1.248218,1.283629,1.318918,1.354343,1.389718,1.425095,1.460528,1.495782,1.531072,1.566384,1.601753,1.636894,1.672299,1.707657,1.739632,NaN,NaN,NaN,NaN,NaN,NaN,NaN
1.5572399490793e-05,2.60279465580382e-06,9.722513820698e-07,3.2284252005077e-07,8.07340241326671e-08,1.36355755575579e-08,1.0056324661889e-09,2.96174196279253e-11,1.72340364201773e-10,1.35331523765103e-10,5.63926683128102e-11,1.51605394904664e-11,2.47979414780275e-12,1.4432899320127e-13,1.13242748511766e-14,4.64073224293315e-14,3.28626015289046e-14,1.33226762955019e-14,3.5527136788005e-15,1.11022302462516e-15,NaN,NaN,NaN,NaN,NaN,NaN,NaN
1.850304,1.88605,1.921771,1.957253,1.993106,2.029021,2.064617,2.100382,2.136011,2.171627,2.207205,2.242769,2.278446,2.314003,2.349985,2.368141,NaN,NaN,NaN,NaN,NaN,NaN,NaN,NaN,NaN,NaN,NaN
0.000125468137553986,9.86748166331708e-06,1.42942452652228e-06,1.75366361432339e-07,2.6136668385135e-08,4.12341560895868e-09,8.58667581482564e-10,2.16850093437415e-10,5.50683942890373e-11,7.54907247824121e-12,3.33510996597397e-13,1.60094160150948e-13,7.61612994892857e-14,1.57651669496772e-14,1.77635683940025e-15,4.44089209850063e-16,NaN,NaN,NaN,NaN,NaN,NaN,NaN,NaN,NaN,NaN,NaN
2.461768,2.497026,2.532236,2.567294,2.60236,2.637334,2.672399,2.707457,2.742491,2.777792,2.814015,2.849262,2.884269,2.919198,2.954405,2.989428,3.024563,3.038919,NaN,NaN,NaN,NaN,NaN,NaN,NaN,NaN,NaN
0.000474515920957819,0.000122179229983699,1.39405962942263e-05,1.5876999930331e-06,2.19259560063634e-07,5.9012589259666e-08,1.63086124604916e-08,1.66296509895858e-09,2.57321497443286e-10,8.67257377024089e-11,1.7291057474722e-11,2.59925414525242e-12,3.22852855560996e-13,1.10356168647741e-13,2.66453525910038e-14,3.10862446895044e-15,6.66133814775094e-16,4.44089209850063e-16,NaN,NaN,NaN,NaN,NaN,NaN,NaN,NaN,NaN
3.302641,3.338267,3.37411,3.409758,3.445877,3.481488,3.517036,3.552602,3.588315,3.6245,3.660133,3.695853,3.731519,3.767194,3.80516,3.841066,3.876566,3.911871,3.947386,3.983133,4.01871,4.05421,4.090972,4.12658,4.162115,4.165923,NaN
0.00207241022441673,0.000923441702441075,0.000257969437589267,2.41231404070064e-05,6.69117488438786e-06,1.93133552617297e-06,4.35113878261006e-07,1.55791232803182e-07,3.75572986044403e-08,7.6703008389245e-09,4.13040623925554e-09,1.70901248708333e-09,4.48871162461728e-10,1.28559829448704e-10,4.13136191923513e-11,1.0230039038106e-11,1.90825133472572e-12,7.57616192004207e-13,4.79616346638068e-13,2.06945571790129e-13,5.15143483426073e-14,8.88178419700125e-15,2.66453525910038e-15,1.77635683940025e-15,8.88178419700125e-16,8.88178419700125e-16,NaN
1.531091,1.56703,1.602927,1.638889,1.675269,1.710902,1.746446,1.784683,1.820598,1.856424,1.892002,1.927558,1.963113,1.998646,2.034432,2.070299,2.106278,2.110127,NaN,NaN,NaN,NaN,NaN,NaN,NaN,NaN,NaN
0.000185179370554511,2.3593816951939e-05,4.34360597090233e-06,6.23959849566091e-07,3.50571551788192e-08,5.956997339851e-09,4.31277813461861e-09,1.11422604476275e-09,1.18087539746625e-10,4.89097651268366e-12,2.62079247193014e-12,1.54209978120434e-12,3.30180327523522e-13,2.35367281220533e-14,0,1.11022302462516e-15,0,0,NaN,NaN,NaN,NaN,NaN,NaN,NaN,NaN,NaN
2.230422,2.266326,2.30192,2.337489,2.373108,2.409079,2.444854,2.480495,2.516103,2.551703,2.58765,2.623218,2.658691,2.69423,2.73016,2.76586,2.801548,2.819631,NaN,NaN,NaN,NaN,NaN,NaN,NaN,NaN,NaN
0.000624221429118554,0.0001670881944007,1.79691393131787e-05,1.80372991209765e-06,3.96920351031227e-07,5.86031292382216e-08,1.4679808257867e-08,2.8910429605844e-09,3.49518858300257e-10,8.17745871017905e-11,1.48674406119653e-11,2.6505464489901e-12,7.09876601945325e-13,1.00142116821189e-13,1.4210854715202e-14,3.33066907387547e-15,1.11022302462516e-15,2.22044604925031e-16,NaN,NaN,NaN,NaN,NaN,NaN,NaN,NaN,NaN
1.332089,1.368478,1.404443,1.440668,1.476751,1.5128,1.548763,1.586065,1.622158,1.658258,1.694401,1.73059,1.766704,1.803227,1.839294,1.875337,1.911373,1.947628,1.98378,2.021343,2.057535,2.093688,2.104793,NaN,NaN,NaN,NaN
0.00156089062847098,0.000897386483921681,0.000384442163598342,9.56617551963745e-05,4.48975700173548e-06,3.12763375021063e-06,2.35710896134833e-07,1.26774428288456e-07,1.73105156875408e-08,5.26611820816925e-09,1.218798617586e-09,2.26467733455138e-10,7.94331267428561e-11,1.02429176251917e-11,4.87254681047489e-12,5.53557200078103e-13,2.65787392095262e-13,3.97459842815806e-14,1.26565424807268e-14,2.88657986402541e-15,4.44089209850063e-16,0,-2.22044604925031e-16,NaN,NaN,NaN,NaN
1.828918,1.865074,1.901166,1.937081,1.973003,2.009032,2.044985,2.081082,2.117156,2.153111,2.189067,2.225882,2.261873,2.29776,2.330378,NaN,NaN,NaN,NaN,NaN,NaN,NaN,NaN,NaN,NaN,NaN,NaN
7.23232400199336e-05,2.81975885507713e-06,3.08557339900872e-07,4.92832976650703e-08,7.20004722509771e-09,5.61757751427194e-10,1.94195548530729e-10,4.15172340950676e-11,7.52287121486006e-12,1.15463194561016e-12,1.35003119794419e-13,1.84297022087776e-14,9.54791801177635e-15,1.99840144432528e-15,4.44089209850063e-16,NaN,NaN,NaN,NaN,NaN,NaN,NaN,NaN,NaN,NaN,NaN,NaN
2.308185,2.344505,2.380659,2.416945,2.453267,2.489612,2.525694,2.561971,2.600571,2.636888,2.673191,2.709521,2.746185,2.785872,2.821729,2.85783,2.893888,2.929857,2.965891,3.005489,3.041401,3.077369,3.113645,3.149736,3.185876,3.218464,NaN
0.00130595741653816,0.000733416068147141,0.000347450885513911,0.000111730296802337,8.99061349168839e-06,2.40164165843382e-06,1.7650646615408e-06,3.3191973747293e-07,6.56999199488695e-08,3.98432207227017e-08,8.45791081616198e-09,2.10491624130782e-09,1.11463593910344e-09,2.38373987215823e-10,4.99249530605539e-11,2.83195689121385e-11,8.20121748290603e-12,1.86761717202444e-12,6.19726492345762e-13,1.774136393351e-13,6.86117829218347e-14,2.44249065417534e-14,4.21884749357559e-15,1.99840144432528e-15,1.55431223447522e-15,8.88178419700125e-16,NaN
1.367099,1.408336,1.449678,1.490613,1.531859,1.572856,1.613941,1.655089,1.69616,1.737281,1.778385,1.819323,1.860359,1.90132,1.942416,1.983297,2.02421,2.065273,2.106147,2.147192,2.188134,2.22914,2.270923,2.312074,2.31665,NaN,NaN
0.00164498335685992,0.000963019040592261,0.000449886461854732,0.000137144996637195,5.58830130281684e-06,4.95746336603986e-06,1.68107205555934e-06,8.06686715204563e-08,1.20074134857262e-07,2.72180908922337e-08,1.5288159627147e-09,3.25332427664193e-09,2.97350144506936e-10,9.25433063514447e-11,7.06306124698131e-11,2.24176233132312e-12,3.70281583172982e-12,1.29385391289816e-12,1.82076576038526e-14,1.17461596005342e-13,1.68753899743024e-14,1.55431223447522e-15,2.22044604925031e-15,-2.22044604925031e-16,-2.22044604925031e-16,NaN,NaN
1.236203,1.272089,1.308119,1.34404,1.379905,1.415777,1.454283,1.490173,1.526047,1.561831,1.597762,1.633726,1.669616,1.70537,1.741265,1.777108,1.812869,1.848731,1.884705,1.899237,NaN,NaN,NaN,NaN,NaN,NaN,NaN
0.000444465590250243,0.000248050457677618,0.000106978922328693,2.5320599965406e-05,4.60780237299119e-07,1.38000643556957e-06,3.74108042988652e-07,2.51449061572373e-09,3.11201207026102e-08,6.11578432341275e-09,1.37716282821998e-10,6.99784896696087e-10,9.76616565395716e-11,6.57252030578093e-12,1.53741464004042e-11,1.43485223702555e-12,2.54241072639161e-13,3.24407167795471e-13,1.88737914186277e-14,0,NaN,NaN,NaN,NaN,NaN,NaN,NaN
2.193236,2.228553,2.263807,2.299374,2.334576,2.369624,2.404819,2.439945,2.474988,2.510092,2.545278,2.580338,2.615474,2.650643,2.685827,2.720976,2.752719,NaN,NaN,NaN,NaN,NaN,NaN,NaN,NaN,NaN,NaN
0.000183540043533492,2.62961471855228e-05,4.32533466576679e-06,5.48823768209417e-07,4.7556042215291e-08,9.00087782085279e-09,3.85731158125679e-09,1.03797526129767e-09,1.20706555861716e-10,3.80673270683474e-12,3.10196313080269e-12,1.48725476378786e-12,2.69340105774063e-13,1.77635683940025e-14,1.77635683940025e-15,1.55431223447522e-15,8.88178419700125e-16,NaN,NaN,NaN,NaN,NaN,NaN,NaN,NaN,NaN,NaN
1.226597,1.263082,1.299395,1.335819,1.372083,1.408321,1.444659,1.480908,1.517168,1.553502,1.589761,1.627742,1.664192,1.700324,1.736283,1.772435,1.808734,1.845112,1.881185,1.917333,1.953546,1.989936,2.004617,NaN,NaN,NaN,NaN
0.000770813904056755,0.00042234274754871,0.000178707102675313,4.03219906639496e-05,9.87084764147994e-07,2.12003223065693e-06,5.955535158364e-07,1.29793129577394e-08,4.11577996128898e-08,1.126369997273e-08,5.08821873523857e-11,9.154266233935e-10,1.98233207626686e-10,3.32089911125877e-12,1.91180404840452e-11,3.71480624039577e-12,7.34967642301854e-14,4.10782519111308e-13,6.68354260824344e-14,3.10862446895044e-15,9.32587340685131e-15,1.33226762955019e-15,6.66133814775094e-16,NaN,NaN,NaN,NaN
2.147779,2.184901,2.220569,2.256118,2.29179,2.32715,2.36281,2.398334,2.43378,2.469209,2.504651,2.540112,2.575728,2.611165,2.646686,2.682133,2.710766,NaN,NaN,NaN,NaN,NaN,NaN,NaN,NaN,NaN,NaN
0.000359022774136131,5.10825356918598e-05,6.37754361032528e-06,6.09950320695773e-07,1.50566951573339e-07,2.65806106014566e-08,3.21210946729877e-09,1.05331032784761e-09,2.68174815687416e-10,2.44779752023305e-11,3.00914848594402e-12,1.32938104968616e-12,2.99538172043867e-13,5.28466159721575e-14,7.7715611723761e-15,1.55431223447522e-15,8.88178419700125e-16,NaN,NaN,NaN,NaN,NaN,NaN,NaN,NaN,NaN,NaN
1.537467,1.574421,1.610885,1.647819,1.684294,1.720894,1.757314,1.794045,1.830562,1.868563,1.905013,1.941576,1.978163,2.014763,2.051531,2.081253,NaN,NaN,NaN,NaN,NaN,NaN,NaN,NaN,NaN,NaN,NaN
0.000200111889178345,2.50800137253648e-05,2.82158439590674e-06,5.5084228889335e-07,6.90180437246113e-08,5.86225290533093e-09,2.50434717408154e-09,7.54752482734489e-10,1.25305987808133e-10,1.2188028364335e-11,1.37823086276967e-12,6.55475673738692e-13,1.95621296938953e-13,3.64153152077051e-14,3.5527136788005e-15,2.22044604925031e-16,NaN,NaN,NaN,NaN,NaN,NaN,NaN,NaN,NaN,NaN,NaN
2.115112,2.151148,2.186882,2.222815,2.258653,2.294544,2.330336,2.366215,2.402118,2.438184,2.473973,2.510011,2.54576,2.581681,2.617871,2.653607,2.657385,NaN,NaN,NaN,NaN,NaN,NaN,NaN,NaN,NaN,NaN
0.000287449294538833,2.70650297995445e-05,2.95417038986834e-06,3.870255811389e-07,4.5972163631447e-08,1.31517596813069e-08,3.10844505690966e-09,3.29893223849353e-10,3.68767238967393e-11,1.51598733566516e-11,4.01567668006919e-12,3.50608431176624e-13,3.39728245535298e-14,2.02060590481778e-14,5.10702591327572e-15,2.22044604925031e-16,4.44089209850063e-16,NaN,NaN,NaN,NaN,NaN,NaN,NaN,NaN,NaN,NaN
1.772517,1.808726,1.84509,1.881433,1.917587,1.953564,1.989728,2.025743,2.061926,2.098046,2.13462,2.17054,2.206684,2.242643,2.278853,2.314825,2.357011,NaN,NaN,NaN,NaN,NaN,NaN,NaN,NaN,NaN,NaN
0.000288851336313289,1.78738168137293e-05,2.89985400470094e-06,3.96635355448538e-07,4.08619498237783e-08,5.99653082744567e-09,2.07731232215735e-09,4.55153470468872e-10,7.43045625029026e-11,1.16264775584796e-11,1.84541271153194e-12,3.71036534829727e-13,8.72635297355373e-14,2.68673971959288e-14,5.10702591327572e-15,8.88178419700125e-16,8.88178419700125e-16,NaN,NaN,NaN,NaN,NaN,NaN,NaN,NaN,NaN,NaN
1.793978,1.830059,1.866066,1.902598,1.938375,1.974108,2.009943,2.045585,2.081313,2.116928,2.152634,2.188311,2.223912,2.259569,2.295264,2.331122,2.366658,2.402363,2.438023,2.473695,2.50979,2.54557,2.581166,2.616857,2.638444,NaN,NaN
0.000945569286931569,0.000405263462085026,0.000116840969899723,1.09054175738699e-05,3.31666872455116e-06,1.76138973739803e-06,3.48535421190732e-07,5.41939240150668e-08,2.58398851205044e-08,1.0479691781029e-08,2.32387109555532e-09,6.6472338744461e-10,3.43287176463036e-10,7.56557039238714e-11,9.57034451687377e-12,5.89395199313003e-12,1.88205007134457e-12,4.79394302033143e-13,2.16493489801906e-13,7.01660951563099e-14,1.95399252334028e-14,4.44089209850063e-15,8.88178419700125e-16,8.88178419700125e-16,1.33226762955019e-15,NaN,NaN
3.010007,3.045521,3.081338,3.116867,3.152536,3.18807,3.223698,3.259289,3.294819,3.330439,3.366184,3.402598,3.438075,3.473599,3.509217,3.544763,3.562728,NaN,NaN,NaN,NaN,NaN,NaN,NaN,NaN,NaN,NaN
0.000327567391519512,3.89285670181483e-05,3.76464691265177e-06,7.26513837534526e-07,8.20724133099304e-08,1.476542643708e-08,3.18558668332969e-09,6.45586029079936e-10,1.63308255807237e-10,1.98729921407903e-11,1.72062364356407e-12,7.01660951563099e-13,2.05613304160579e-13,3.35287353436797e-14,4.66293670342566e-15,4.44089209850063e-16,2.22044604925031e-16,NaN,NaN,NaN,NaN,NaN,NaN,NaN,NaN,NaN,NaN
1.736435,1.775266,1.815369,1.854143,1.892673,1.931281,1.969803,2.008414,2.046906,2.085386,2.123983,2.165763,2.204434,2.243075,2.281613,2.32034,2.358873,2.366926,NaN,NaN,NaN,NaN,NaN,NaN,NaN,NaN,NaN
0.000306880403136534,4.34080275812931e-05,6.39203732388793e-06,9.29432463658841e-07,8.83109436689011e-08,1.13150520064664e-08,6.10161410286025e-09,1.56604018641815e-09,1.87302839904646e-10,1.04825037539058e-11,3.76010333980048e-12,2.12874162741628e-12,4.16777723444284e-13,3.08642000845794e-14,2.66453525910038e-15,1.33226762955019e-15,6.66133814775094e-16,4.44089209850063e-16,NaN,NaN,NaN,NaN,NaN,NaN,NaN,NaN,NaN
3.003954,3.039825,3.07808,3.117913,3.158052,3.198212,3.238486,3.278783,3.319053,3.359347,3.399415,3.439618,3.479799,3.519981,3.560249,3.600503,3.637001,NaN,NaN,NaN,NaN,NaN,NaN,NaN,NaN,NaN,NaN
0.00032493586109239,4.09973741510861e-05,4.15199479308903e-06,5.0520016836586e-07,9.60985639952838e-08,2.24513168056717e-08,3.13353476499856e-09,5.09861486364116e-10,1.50192747128131e-10,2.17208473429764e-11,3.09441361423524e-12,6.53477272294367e-13,1.86961557346876e-13,3.30846461338297e-14,2.88657986402541e-15,8.88178419700125e-16,6.66133814775094e-16,NaN,NaN,NaN,NaN,NaN,NaN,NaN,NaN,NaN,NaN
1.411186,1.452007,1.492647,1.533276,1.573994,1.61468,1.655291,1.695786,1.73655,1.777176,1.817837,1.858218,1.898718,1.939194,1.979773,2.021252,2.061881,2.102587,2.143356,2.180179,NaN,NaN,NaN,NaN,NaN,NaN,NaN
6.51635219753866e-05,6.87481910544019e-06,2.66223010159106e-06,7.98009809677147e-07,1.90373493524909e-07,2.92533529622219e-08,1.77406012102921e-09,3.57501028780405e-10,5.78154302210976e-10,3.57088469904454e-10,1.26456956017762e-10,2.81995538031765e-11,3.38407080135994e-12,4.91828799908944e-14,1.37334588146132e-13,1.63091762317435e-13,8.20454815197991e-14,2.43138842392909e-14,4.77395900588817e-15,1.66533453693773e-15,NaN,NaN,NaN,NaN,NaN,NaN,NaN
1.556692,1.598068,1.639388,1.680398,1.742666,1.783971,1.824733,1.865847,1.907112,1.962743,2.003657,2.044557,2.085208,2.126176,2.167888,2.208754,2.249462,2.290218,2.330983,2.371813,2.412768,2.464084,NaN,NaN,NaN,NaN,NaN
0.000136459321022686,2.13777044621999e-05,1.21527650520648e-06,9.14655782890961e-07,2.10061868344269e-07,2.47985967316566e-08,1.38282825190572e-08,1.84397164204597e-09,4.33694635759707e-10,3.30062865927516e-10,6.85913548181816e-11,2.36448638446518e-11,8.01314570253453e-12,4.89164264649844e-13,3.19744231092045e-13,8.5043083686287e-14,2.33146835171283e-14,1.97619698383278e-14,4.44089209850063e-15,1.55431223447522e-15,6.66133814775094e-16,6.66133814775094e-16,NaN,NaN,NaN,NaN,NaN
2.008113,2.044073,2.08166,2.117923,2.153833,2.190197,2.226489,2.262435,2.298644,2.33497,2.370926,2.407251,2.44364,2.479397,2.515749,2.552006,2.58788,2.624112,2.660445,2.696411,2.732801,2.769089,2.805298,2.841158,2.883252,NaN,NaN
0.000548380350707589,0.000230503977088237,9.45357623738374e-05,2.53723117351612e-05,3.05523899069016e-06,8.19950918273804e-08,3.17191055643207e-07,2.02699420359664e-07,4.87910754021215e-08,3.9177348032382e-09,8.78783490421142e-10,1.28811783461913e-09,5.73010527915585e-10,1.04595887506775e-10,6.28852525608181e-12,5.09214892474574e-12,4.6092019090338e-12,1.56985535681997e-12,2.1005419625908e-13,1.24344978758018e-14,2.48689957516035e-14,1.66533453693773e-14,4.88498130835069e-15,8.88178419700125e-16,8.88178419700125e-16,NaN,NaN
1.629065,1.66925,1.709345,1.749534,1.789631,1.829877,1.869977,1.910052,1.950267,1.990506,2.030519,2.106138,2.147977,2.187571,2.223273,2.251441,NaN,NaN,NaN,NaN,NaN,NaN,NaN,NaN,NaN,NaN,NaN
0.000168657898074631,1.19508930482848e-05,9.04405131230135e-07,3.10619363341758e-07,2.09189450206537e-08,4.6517125706913e-09,1.06077435724217e-09,1.62802660241823e-10,5.35829158820889e-11,5.43565192856477e-12,6.84785561588797e-13,1.78967951569575e-13,3.64153152077051e-14,1.31006316905768e-14,2.22044604925031e-15,8.88178419700125e-16,NaN,NaN,NaN,NaN,NaN,NaN,NaN,NaN,NaN,NaN,NaN
1.93655,1.972001,2.007693,2.043116,2.0785,2.113897,2.149307,2.184721,2.22006,2.255821,2.291395,2.327059,2.362361,2.397685,2.433141,2.468556,2.510118,NaN,NaN,NaN,NaN,NaN,NaN,NaN,NaN,NaN,NaN
0.000324085732770207,2.14729889900234e-05,2.16058389246321e-06,3.66890554381882e-07,5.44599729757067e-08,8.59241100492625e-09,1.34130195839077e-09,2.85217405249227e-10,5.56035217869066e-11,8.91087204024643e-12,1.09179332241638e-12,2.29816166097407e-13,5.35127497869325e-14,1.19904086659517e-14,1.77635683940025e-15,2.22044604925031e-16,2.22044604925031e-16,NaN,NaN,NaN,NaN,NaN,NaN,NaN,NaN,NaN,NaN
1.221644,1.257533,1.293336,1.329252,1.36506,1.400848,1.436756,1.472697,1.508476,1.544404,1.580245,1.616089,1.652015,1.688116,1.723864,1.759913,1.795852,1.831594,1.867274,1.903129,1.938708,1.971109,NaN,NaN,NaN,NaN,NaN
0.00380799867164283,0.00231737638620588,0.00108183116586424,0.000337096711581886,4.13263608578518e-06,4.97560540946296e-06,5.46256119893229e-07,1.39114552766273e-07,2.39535622448273e-08,6.31405283613162e-09,1.09365227984881e-09,2.64972932484397e-10,7.10826952854404e-11,1.19966259148896e-11,3.74766884192468e-12,7.061018436616e-13,2.1582735598713e-13,3.37507799486048e-14,1.55431223447522e-14,1.77635683940025e-15,1.33226762955019e-15,8.88178419700125e-16,NaN,NaN,NaN,NaN,NaN
2.369997,2.406118,2.442301,2.478695,2.514925,2.551035,2.587072,2.623174,2.659519,2.695699,2.7322,2.768241,2.804196,2.840216,2.876117,2.91208,2.948331,2.955834,NaN,NaN,NaN,NaN,NaN,NaN,NaN,NaN,NaN
0.00044285897349039,8.18417061527743e-05,9.5122937813219e-06,1.0525406941575e-06,1.47044437737165e-07,3.90579788511758e-08,8.113120175679e-09,1.39497147166878e-09,2.47707410139242e-10,4.70696814858229e-11,8.82804940260939e-12,1.86939352886384e-12,3.9324099532223e-13,6.4170890823334e-14,1.28785870856518e-14,3.33066907387547e-15,8.88178419700125e-16,6.66133814775094e-16,NaN,NaN,NaN,NaN,NaN,NaN,NaN,NaN,NaN
1.931895,1.970463,2.009065,2.047409,2.085768,2.12425,2.162506,2.200932,2.239488,2.277849,2.316307,2.354513,2.39304,2.431535,2.469833,2.508198,2.546612,2.584974,2.62332,2.661479,2.699957,2.738357,2.77679,2.815013,2.853085,2.876326,NaN
0.00133866639172187,0.0005946350985786,0.000198608107168319,4.54427337523988e-05,1.2326270914631e-05,1.36992838362104e-06,1.23092611659104e-07,1.87526390416082e-07,9.8528163405831e-08,3.0540287410119e-08,4.59669591279521e-09,3.38811867450772e-10,3.18066684101836e-10,2.43151276890785e-10,9.09528008463667e-11,1.79360970520293e-11,1.42685863124825e-12,4.80060435847918e-13,5.6443738571943e-13,2.74891220897189e-13,6.79456491070596e-14,7.99360577730113e-15,2.22044604925031e-15,2.88657986402541e-15,2.88657986402541e-15,1.99840144432528e-15,NaN
1.399491,1.435586,1.471787,1.508117,1.54419,1.580163,1.616209,1.652206,1.688615,1.724521,1.760667,1.796823,1.833014,1.868907,1.904901,1.941167,1.981195,2.017241,2.053514,2.089552,2.126093,2.162248,2.198282,2.209473,NaN,NaN,NaN
0.00132982132565918,0.000760974355798583,0.00033232469648703,8.64414572678829e-05,3.17889750611755e-06,3.46890486935258e-06,3.89906721132149e-07,1.3334371851137e-07,3.86581087141735e-08,5.11256281754413e-09,3.32486016496603e-09,1.58217217105516e-10,2.19636309140014e-10,2.92736945795014e-11,6.38800123908823e-12,3.89355214736042e-12,2.66009436700188e-13,2.22932783344731e-13,3.41948691584548e-14,1.37667655053519e-14,3.10862446895044e-15,1.33226762955019e-15,1.11022302462516e-15,-2.22044604925031e-16,NaN,NaN,NaN
1.868506,1.907992,1.947403,1.986845,2.026391,2.065691,2.10498,2.144309,2.183422,2.222721,2.261971,2.30132,2.340682,2.380178,2.419383,2.458685,2.497847,2.537171,2.57638,2.615741,2.654807,2.694267,2.733632,2.772941,2.812174,2.832107,NaN
0.00051752806546812,0.000201986188868908,7.96747223399397e-05,2.33374073062009e-05,3.88968736997342e-06,3.17256886983586e-07,1.5054002133752e-07,1.31981382711643e-07,5.95415512449904e-08,1.55687787106729e-08,1.97971283810716e-09,1.83300485900872e-10,3.00363511840374e-10,2.04807726333911e-10,6.35647090518887e-11,8.11284373014587e-12,5.81756864903582e-14,8.04245559038463e-13,6.73239242132695e-13,2.25153229393982e-13,3.46389583683049e-14,1.77635683940025e-15,1.33226762955019e-15,1.77635683940025e-15,4.44089209850063e-16,1.11022302462516e-15,NaN
2.471254,2.51026,2.549251,2.596845,2.640007,2.67893,2.717735,2.756681,2.81567,2.854405,2.895303,2.934064,2.972833,3.011552,3.05066,3.089792,3.128376,3.147374,NaN,NaN,NaN,NaN,NaN,NaN,NaN,NaN,NaN
0.000647260674163652,0.000209592854293339,2.49820632010067e-05,1.45012962682323e-06,6.11487487978124e-07,6.34942385335791e-08,8.77141581590024e-09,3.34931127277116e-09,3.1296054636698e-10,7.13291647969072e-11,1.28279609157289e-11,1.99551486446126e-12,4.66515714947491e-13,7.97140131680862e-14,1.3988810110277e-14,1.55431223447522e-15,6.66133814775094e-16,4.44089209850063e-16,NaN,NaN,NaN,NaN,NaN,NaN,NaN,NaN,NaN
1.14146,1.177927,1.214243,1.250551,1.2869,1.323139,1.359592,1.395779,1.432039,1.46832,1.504278,1.540094,1.575975,1.6119,1.647699,1.68348,1.71578,NaN,NaN,NaN,NaN,NaN,NaN,NaN,NaN,NaN,NaN
0.000135121682751649,2.69976188449483e-05,5.65955404630003e-06,4.69572344119484e-07,8.05387179170225e-09,1.49612131572496e-08,7.0128858276064e-09,1.02915231892098e-09,2.79238854261621e-11,9.91873250200115e-12,9.35029831339307e-12,2.04414263293984e-12,1.26565424807268e-13,2.22044604925031e-15,1.11022302462516e-14,3.99680288865056e-15,4.44089209850063e-16,NaN,NaN,NaN,NaN,NaN,NaN,NaN,NaN,NaN,NaN
1.756164,1.791977,1.827597,1.863165,1.898805,1.93434,1.969917,2.005577,2.041108,2.076828,2.112361,2.147914,2.183553,2.219183,2.254728,2.290282,2.318944,NaN,NaN,NaN,NaN,NaN,NaN,NaN,NaN,NaN,NaN
0.000256859374171414,2.89065032332836e-05,4.93378811472489e-06,6.76581578540336e-07,5.57146486723781e-08,9.05054209354716e-09,3.87311516192312e-09,1.05728714672182e-09,1.67590830102426e-10,8.01425592555916e-12,1.67688085639384e-12,1.33626443243884e-12,3.31956684362922e-13,3.39728245535298e-14,1.77635683940025e-15,1.33226762955019e-15,8.88178419700125e-16,NaN,NaN,NaN,NaN,NaN,NaN,NaN,NaN,NaN,NaN
1.451023,1.492789,1.534375,1.575917,1.617469,1.659034,1.700681,1.742146,1.7849,1.826305,1.86777,1.909302,1.950771,1.992256,2.034327,2.075869,2.117219,2.158704,2.2002,2.241685,2.283071,2.324631,2.366022,2.40741,2.420184,NaN,NaN
0.00170904011951656,0.000996748937550862,0.000459734515902532,0.000136325719947372,5.43873356972924e-06,4.93946661550559e-06,1.25349917534656e-06,1.01068497349033e-07,1.08684365285328e-07,1.37059634752745e-08,4.47046044627086e-09,1.75995484852365e-09,2.93796542649716e-10,1.03465236378497e-10,3.12683212655429e-11,7.36677385759776e-12,1.8078871732996e-12,7.50510764646606e-13,1.28341781646668e-13,3.95239396766556e-14,1.55431223447522e-14,6.66133814775094e-16,0,0,-8.88178419700125e-16,NaN,NaN
3.007152,3.043327,3.079122,3.115257,3.151025,3.186939,3.22288,3.259039,3.295064,3.330875,3.366651,3.402564,3.438445,3.474509,3.510899,3.546589,3.582232,3.61785,3.653286,3.688852,3.72459,3.760232,3.795663,3.8311,3.838473,NaN,NaN
0.000776793650265173,0.000395061445271683,0.000154469197571006,3.50049796324914e-05,7.41265665271662e-06,2.07303253141333e-06,2.44674195126748e-07,9.01604240155507e-08,6.03744465532685e-08,1.81864996395831e-08,5.30951704824645e-09,1.46996814720524e-09,2.49080311931493e-10,9.13609188302189e-11,4.48170389688585e-11,1.72994951697092e-11,6.56030785251005e-12,1.41620049021185e-12,1.16129328375791e-13,6.50590692430342e-14,5.44009282066327e-14,2.50910403565285e-14,6.66133814775094e-15,1.33226762955019e-15,6.66133814775094e-16,NaN,NaN
2.608505,2.644743,2.681092,2.717302,2.753326,2.789575,2.825586,2.861667,2.897662,2.933836,2.969887,3.005922,3.041827,3.077794,3.113762,3.149863,3.186188,3.222272,3.258178,3.294087,3.33025,3.366428,3.402958,3.439003,3.474906,3.482326,NaN
0.000689080109824047,0.000307809898388189,0.000118810581107409,2.67486526668304e-05,4.74220858870389e-06,1.37553847068261e-06,3.62832778488809e-07,8.43110961046278e-08,4.85902249547365e-08,2.25740122150597e-08,4.41459424571633e-09,3.20737880699085e-10,2.50569565096725e-10,1.56023194364252e-10,5.32855981560942e-11,1.51103574097533e-11,2.91811019792476e-12,3.63709062867201e-13,2.70006239588838e-13,1.81854531433601e-13,5.57331958361829e-14,8.88178419700125e-15,1.11022302462516e-15,1.11022302462516e-15,4.44089209850063e-16,-2.22044604925031e-16,NaN
2.282659,2.323826,2.364961,2.406126,2.447258,2.488172,2.5293,2.570489,2.611657,2.652666,2.693668,2.7347,2.77574,2.816843,2.857902,2.899386,2.940472,2.981636,3.02273,3.063879,3.104958,3.146044,3.187074,3.228081,3.241471,NaN,NaN
0.00060785326971402,0.000177139371274393,3.4441142895858e-05,9.34184313328146e-06,2.03523774677805e-06,5.40213385358257e-07,1.81521841335908e-07,3.21084525634063e-08,4.15129486341925e-09,4.05646294332485e-09,2.4097932538325e-09,6.90767221200872e-10,1.1371859010012e-10,1.98139282758802e-11,9.27813381679243e-12,3.27893268092794e-12,1.0786926907258e-12,5.21582776968899e-13,2.26041407813682e-13,5.30686605770825e-14,5.55111512312578e-15,6.66133814775094e-16,1.99840144432528e-15,1.77635683940025e-15,8.88178419700125e-16,NaN,NaN
2.175289,2.21147,2.2476,2.28401,2.320422,2.3571,2.393275,2.429697,2.465753,2.502004,2.538254,2.574401,2.610284,2.646497,2.682336,2.718554,2.754553,2.79069,2.826441,2.862317,2.898254,2.934178,2.970133,3.006162,3.042076,3.070856,NaN
0.00230079513374726,0.00127518930191828,0.000577458835364641,0.000177613109604957,2.23691727949671e-05,5.91250983150715e-06,1.22555755455167e-06,3.71638984697498e-07,2.74956257317882e-07,6.7349318788601e-08,8.14195466602996e-09,2.50353870967501e-09,1.60566338003321e-09,7.66066321489234e-10,1.69094516166979e-10,2.08832950931992e-11,8.32933721994777e-12,5.19473353222111e-12,2.38742359215394e-12,4.93605156748345e-13,3.64153152077051e-14,3.06421554796543e-14,1.99840144432528e-14,6.43929354282591e-15,1.33226762955019e-15,2.22044604925031e-16,NaN
1.360369,1.396872,1.433056,1.468884,1.504746,1.540573,1.576425,1.612232,1.647914,1.68374,1.719694,1.755691,1.791668,1.827635,1.863319,1.899286,1.935213,1.971056,2.006933,2.042826,2.07875,2.114659,2.150416,2.175576,NaN,NaN,NaN
0.0017237196042228,0.00104598867339978,0.000497175348580736,0.000160145514408239,4.14139487436849e-06,4.3179046784747e-06,6.59119707480116e-07,1.5237295203363e-07,4.79767912064943e-08,1.05964219621058e-08,2.58961541099723e-09,7.65038699057641e-10,2.09896100500373e-10,3.38233885344152e-11,2.00681693485194e-11,1.87161397491309e-12,1.18638432411444e-12,2.91988655476416e-13,3.81916720471054e-14,2.8199664825479e-14,3.33066907387547e-15,6.66133814775094e-16,4.44089209850063e-16,-8.88178419700125e-16,NaN,NaN,NaN
1.256724,1.293043,1.329234,1.365384,1.401612,1.437818,1.474038,1.510152,1.546328,1.588863,1.625309,1.661039,1.696825,1.732805,1.768619,1.804367,1.840233,1.87589,1.911743,1.947761,1.983372,2.019159,2.055435,2.066513,NaN,NaN,NaN
0.0016969289928157,0.00101079972019713,0.000463927766936267,0.000137071437243064,3.84619399351749e-06,5.82296306039787e-06,5.11222787880072e-07,2.35130158676711e-07,5.58527628591321e-08,8.73472649765006e-09,4.52011961193932e-09,4.72255567984803e-10,2.67833089040437e-10,4.78450612462211e-11,1.15321086013864e-11,4.88520335295561e-12,3.75921516138078e-13,3.9279690611238e-13,2.08721928629529e-14,2.35367281220533e-14,2.66453525910038e-15,1.33226762955019e-15,1.11022302462516e-15,2.22044604925031e-16,NaN,NaN,NaN
1.442153,1.478262,1.514076,1.550141,1.585913,1.621838,1.65766,1.693455,1.729165,1.764655,1.799858,1.835173,1.870391,1.905583,1.940723,1.975828,2.011037,2.046213,2.081438,2.116572,2.151832,2.18713,2.212136,NaN,NaN,NaN,NaN
0.00113405997264215,0.000604606800747032,0.000274588571797185,7.80825534021368e-05,4.69624262366963e-06,1.52194633717961e-06,1.58768087565875e-06,2.94044814053152e-07,4.60028704019066e-09,2.86203682975383e-08,1.17538303534559e-08,5.35387512101693e-10,3.16992876392419e-10,3.28550076034162e-10,5.05551156493311e-11,1.02473585172902e-12,6.50079989839014e-12,2.31392682792375e-12,7.66053886991358e-14,7.97140131680862e-14,7.105427357601e-14,9.32587340685131e-15,6.66133814775094e-16,NaN,NaN,NaN,NaN
1.664622,1.700563,1.736357,1.772092,1.807465,1.843108,1.878576,1.914002,1.949685,1.985295,2.020733,2.056295,2.091837,2.127499,2.163079,2.198684,2.234194,2.269869,2.305386,2.340837,2.376202,2.408258,NaN,NaN,NaN,NaN,NaN
0.000596953155505009,0.000275024416699132,0.000114089759755576,2.68232820250791e-05,2.11920097048512e-06,2.84721006105215e-07,5.40144993621539e-07,1.96869893276386e-07,1.73714742590647e-08,1.17918541597817e-09,3.93549726140918e-09,1.58527613258741e-09,1.67085012492407e-10,5.97855098760647e-12,2.82238676874158e-11,1.30837563006025e-11,1.60604862742275e-12,1.82076576038526e-14,2.04503081135954e-13,1.0680345496894e-13,1.53210777398272e-14,6.66133814775094e-16,NaN,NaN,NaN,NaN,NaN
1.737653,1.773546,1.809423,1.845245,1.880964,1.916836,1.952636,1.988363,2.024022,2.059924,2.095653,2.131255,2.167032,2.202839,2.238509,2.274298,2.299516,NaN,NaN,NaN,NaN,NaN,NaN,NaN,NaN,NaN,NaN
0.000456784745876959,0.000127883654248873,1.75578524528319e-05,1.04088053998197e-06,2.69490130877514e-07,9.55743200137249e-08,1.11671565328209e-08,1.69682157213913e-09,4.83214135371668e-10,7.53339612913351e-11,1.54563029042265e-11,3.34399175017097e-12,3.88133969408955e-13,8.90398865749376e-14,3.10862446895044e-14,3.10862446895044e-15,4.44089209850063e-16,NaN,NaN,NaN,NaN,NaN,NaN,NaN,NaN,NaN,NaN
1.850917,1.887894,1.92477,1.96161,1.998952,2.035624,2.07223,2.108843,2.145647,2.182218,2.218883,2.255647,2.292428,2.328925,2.365438,2.402031,2.438603,2.457025,NaN,NaN,NaN,NaN,NaN,NaN,NaN,NaN,NaN
0.000649693975762311,0.000178365300723904,2.03470299493524e-05,1.97852899441742e-06,4.34602388965644e-07,6.92375936584e-08,1.48629171192738e-08,4.19679491159286e-09,4.05470101938477e-10,3.88600263079297e-11,2.67290634070605e-11,5.07349717793204e-12,4.44533299059913e-13,9.41469124882133e-14,2.53130849614536e-14,6.43929354282591e-15,1.11022302462516e-15,6.66133814775094e-16,NaN,NaN,NaN,NaN,NaN,NaN,NaN,NaN,NaN
1.665943,1.701974,1.737846,1.773779,1.80968,1.845735,1.881657,1.917604,1.953541,1.989374,2.0253,2.061235,2.097161,2.133013,2.168829,2.204672,2.240576,2.248016,NaN,NaN,NaN,NaN,NaN,NaN,NaN,NaN,NaN
0.000305060555434888,5.50912626815503e-05,9.02705501637513e-06,9.72802444820786e-07,7.35540068852458e-08,2.48674345559863e-08,1.0047127574353e-08,1.89274351747315e-09,1.21713306100446e-10,1.58926205529042e-11,1.27746702105469e-11,3.18678416988405e-12,3.20632409511745e-13,1.04360964314765e-14,1.24344978758018e-14,5.32907051820075e-15,6.66133814775094e-16,4.44089209850063e-16,NaN,NaN,NaN,NaN,NaN,NaN,NaN,NaN,NaN
1.727358,1.763118,1.798961,1.83469,1.870369,1.906106,1.941819,1.977518,2.013247,2.048832,2.084605,2.120254,2.156058,2.191836,2.220515,NaN,NaN,NaN,NaN,NaN,NaN,NaN,NaN,NaN,NaN,NaN,NaN
3.08003322924133e-05,5.39819220057858e-06,1.19293462463865e-06,1.44503677690366e-07,5.67865043876736e-09,6.68818112004033e-10,9.21015486099463e-10,2.80852008316401e-10,3.59303697905489e-11,9.81881242978488e-13,2.54685161849011e-13,2.92654789291191e-13,8.26005930321116e-14,9.54791801177635e-15,4.44089209850063e-16,NaN,NaN,NaN,NaN,NaN,NaN,NaN,NaN,NaN,NaN,NaN,NaN
2.833631,2.869816,2.905411,2.941001,2.976458,3.011923,3.047419,3.082883,3.118696,3.154124,3.189622,3.225138,3.260599,3.296138,3.331627,3.367452,3.403044,3.42804,NaN,NaN,NaN,NaN,NaN,NaN,NaN,NaN,NaN
0.000409783221072546,0.000111210978101406,1.76030939000871e-05,1.1979054594935e-06,1.31903295619296e-07,1.00038647143919e-07,1.65727365164514e-08,4.50769199744627e-10,3.9293079900915e-10,1.4606338361034e-10,1.30790933638991e-11,9.27924403981706e-13,8.11573031000989e-13,1.75415237890775e-13,1.02140518265514e-14,2.22044604925031e-15,8.88178419700125e-16,2.22044604925031e-16,NaN,NaN,NaN,NaN,NaN,NaN,NaN,NaN,NaN
2.495902,2.532466,2.568488,2.605021,2.641278,2.677563,2.713684,2.750283,2.786662,2.823318,2.859751,2.895999,2.933498,2.969768,3.005581,3.041349,3.077116,3.113071,3.148887,3.184852,3.221052,3.257303,3.293253,3.329003,3.364908,3.393772,NaN
0.00189230099013615,0.000933624178898196,0.00036836774300264,8.81839581867716e-05,1.71037184020228e-05,3.96103949329429e-06,6.5654207936916e-07,2.45354773387163e-07,1.69198634214496e-07,5.23078163006119e-08,1.01767159144117e-08,1.90151983048281e-09,6.34984065328581e-10,4.42578418358153e-10,1.64868119156836e-10,2.61577426385884e-11,5.75006708913861e-12,3.13038484023309e-12,1.19326770686712e-12,3.92574861507455e-13,9.81437153768638e-14,1.95399252334028e-14,9.32587340685131e-15,3.99680288865056e-15,1.33226762955019e-15,4.44089209850063e-16,NaN
2.545079,2.581231,2.617349,2.653251,2.689252,2.725144,2.760988,2.796915,2.832801,2.868964,2.905093,2.941079,2.977142,3.012845,3.048656,3.084248,3.119838,3.155491,3.191171,3.226862,3.262431,3.298095,3.333668,3.36936,3.411118,NaN,NaN
0.00103275857187524,0.000415998866900802,9.98901422919474e-05,1.13381787989475e-05,4.6493947785109e-06,9.94141623245071e-07,2.94567407799207e-07,7.04189042632919e-08,1.14422056274321e-08,6.84359702241011e-09,2.34937647114464e-09,8.8871110470734e-10,2.2746959871256e-10,4.9903858823086e-11,1.00313091166981e-11,3.04201108747293e-12,1.50746082283604e-12,5.24247312227999e-13,2.30260255307257e-13,6.28386231937839e-14,1.28785870856518e-14,2.88657986402541e-15,4.44089209850063e-16,6.66133814775094e-16,6.66133814775094e-16,NaN,NaN
1.921676,1.958083,1.993678,2.029329,2.064873,2.100478,2.135948,2.17148,2.206894,2.242434,2.27787,2.313345,2.348915,2.384335,2.419887,2.455337,2.49083,2.526302,2.561781,2.597253,2.633929,2.669281,2.704674,2.740225,2.775761,2.811506,2.843825
0.00157449999303205,0.000695163910021446,0.000253072766275064,6.77453358188806e-05,1.8044721638244e-05,2.69375928674265e-06,3.33487087278428e-07,2.80179311307194e-07,1.64057461393696e-07,5.55465278218037e-08,1.37215940831936e-08,2.50265941303951e-09,6.55625331802412e-10,3.72349706623254e-10,1.69048330889154e-10,6.23772145047496e-11,1.70699010482167e-11,3.07176506453288e-12,5.98632254877884e-13,3.77919917582403e-13,2.42916797787984e-13,9.1926466438963e-14,1.82076576038526e-14,1.77635683940025e-15,1.77635683940025e-15,1.33226762955019e-15,2.22044604925031e-15
3.197225,3.232981,3.268911,3.304376,3.340036,3.375958,3.411633,3.447483,3.483251,3.519312,3.554824,3.590329,3.625868,3.661264,3.697406,3.73274,3.750808,NaN,NaN,NaN,NaN,NaN,NaN,NaN,NaN,NaN,NaN
0.000264509105834865,2.54197934010936e-05,2.7178649761872e-06,3.60692048007039e-07,6.15648112489708e-08,1.11196754026821e-08,2.70670241775406e-09,5.02409447378227e-10,4.25071089438234e-11,1.49480428035531e-11,3.82516240904351e-12,4.70956607045991e-13,7.19424519957101e-14,2.04281036531029e-14,4.44089209850063e-15,1.33226762955019e-15,8.88178419700125e-16,NaN,NaN,NaN,NaN,NaN,NaN,NaN,NaN,NaN,NaN
1.628381,1.66425,1.700133,1.736055,1.771942,1.807792,1.843562,1.879479,1.915229,1.951392,1.987159,2.022949,2.058703,2.094603,2.130355,2.141238,NaN,NaN,NaN,NaN,NaN,NaN,NaN,NaN,NaN,NaN,NaN
0.000189486605616906,1.90450005788101e-05,3.6713392741472e-06,5.58890976609661e-07,3.35202661183587e-08,3.25008175927621e-09,3.03014857649941e-09,9.08300545887641e-10,1.42912126577244e-10,6.51678710994474e-12,8.35553848332893e-13,9.82325332188339e-13,2.96651592179842e-13,4.32986979603811e-14,2.22044604925031e-15,8.88178419700125e-16,NaN,NaN,NaN,NaN,NaN,NaN,NaN,NaN,NaN,NaN,NaN
2.411525,2.447525,2.483415,2.519221,2.555085,2.590902,2.626838,2.662625,2.69839,2.734061,2.769953,2.805839,2.841792,2.877573,2.9133,2.949018,2.985579,3.021296,3.057073,3.092846,3.12859,3.164367,3.200065,3.232424,NaN,NaN,NaN
0.00108820713871172,0.000357323695912681,4.25308897542553e-05,7.09685417588091e-06,2.50572324911325e-06,4.32967024011077e-07,2.03611775440038e-07,5.06344843831386e-08,6.28765350896288e-09,3.60270346888569e-09,1.43971323751657e-09,4.65560034967893e-10,9.22555365434619e-11,2.96358493301341e-11,1.22750698494656e-11,2.78599365799437e-12,5.10258502117722e-13,1.92290627865077e-13,1.26343380202343e-13,4.08562073062058e-14,7.54951656745106e-15,1.77635683940025e-15,6.66133814775094e-16,0,NaN,NaN,NaN
2.685759,2.724212,2.763728,2.802007,2.840251,2.878622,2.916804,2.955124,2.993578,3.031896,3.070464,3.108685,3.146877,3.185069,3.223308,3.261526,3.299603,3.337774,3.375539,3.413553,3.45149,3.489623,3.52771,3.565767,3.588801,NaN,NaN
0.00182174050065109,0.00104134830549918,0.000468580595961887,0.000138362653986146,1.11046654200919e-05,2.95465287325491e-06,1.05342165523936e-06,3.24421914665862e-07,4.30323576772196e-08,1.77520531607911e-08,8.93355167619347e-09,1.40410794102763e-09,2.95736546362946e-10,1.44460221562781e-10,5.11430897631726e-11,1.13904441434443e-11,3.3832936452427e-12,1.09268150083608e-12,2.40918396343659e-13,9.12603326241879e-14,2.95319324550292e-14,8.21565038222616e-15,2.66453525910038e-15,4.44089209850063e-16,0,NaN,NaN
1.637229,1.672944,1.708439,1.744018,1.779597,1.8151,1.850713,1.886227,1.921936,1.957461,1.992993,2.02851,2.063966,2.099544,2.1358,2.171409,2.206966,2.242447,2.278054,2.31448,2.349948,2.385362,2.420971,2.439059,NaN,NaN,NaN
0.00174337803857183,0.000921297877332972,0.000408427185380811,0.000115772778460421,9.36774172388688e-06,1.96325353263305e-06,1.77994085448496e-06,4.87340761523569e-07,3.34388594591672e-08,1.99908087861189e-08,1.56434918352488e-08,2.43514186593075e-09,6.70237199074109e-11,3.00752533988202e-10,1.12431175480765e-10,5.57331958361829e-12,3.03446157090548e-12,3.02091685000505e-12,5.83089132533132e-13,1.95399252334028e-14,4.66293670342566e-14,2.53130849614536e-14,3.10862446895044e-15,8.88178419700125e-16,NaN,NaN,NaN
1.829551,1.865258,1.901025,1.93653,1.971934,2.007438,2.042916,2.078481,2.11479,2.15051,2.185903,2.221662,2.257285,2.292757,2.32823,2.364023,2.374969,NaN,NaN,NaN,NaN,NaN,NaN,NaN,NaN,NaN,NaN
0.000549452924395455,6.42774826382642e-05,5.09135965742757e-06,6.51809061391617e-07,1.02590125949931e-07,2.16791078422318e-08,4.23985513364755e-09,5.29747357091992e-10,8.87925288850511e-11,2.62485588820027e-11,4.45465886400598e-12,4.87609952415369e-13,1.05693231944315e-13,3.26405569239796e-14,6.21724893790088e-15,8.88178419700125e-16,6.66133814775094e-16,NaN,NaN,NaN,NaN,NaN,NaN,NaN,NaN,NaN,NaN
2.261112,2.296659,2.332253,2.367741,2.403341,2.439313,2.474875,2.51049,2.546171,2.581703,2.617389,2.653513,2.689135,2.724638,2.760097,2.795526,2.831106,2.84559,NaN,NaN,NaN,NaN,NaN,NaN,NaN,NaN,NaN
0.000527494915466109,0.000105021142231321,1.32009976061553e-05,1.73151717608455e-06,1.65522133999119e-07,3.50507267654621e-08,1.33320126050052e-08,2.5866477848524e-09,2.5326718500196e-10,3.79773990033527e-11,1.22157839399506e-11,3.79185571830476e-12,5.80646641878957e-13,4.21884749357559e-14,1.22124532708767e-14,4.21884749357559e-15,6.66133814775094e-16,2.22044604925031e-16,NaN,NaN,NaN,NaN,NaN,NaN,NaN,NaN,NaN
