1.242389,1.242389,1.252389,1.252389,1.262389,1.262389,1.272389,1.272389,1.282389,1.282389,1.292389,1.292389,1.302389,1.312389,1.332389,1.342389,1.362389,1.392389,1.402389,1.412389,1.432389,1.452389,1.482389,NaN,NaN,NaN,NaN,NaN,NaN,NaN,NaN,NaN,NaN,NaN,NaN,NaN,NaN,NaN,NaN,NaN,NaN,NaN
1208.37863397335,20.3819349733472,1.72871304034722,0.234627640347217,0.273541411347217,0.0410318153472167,0.0184275033472168,0.00599727834721664,0.00158973434721665,0.000585068347216833,7.43543472168096e-05,7.85634721678363e-06,1.00534721680923e-06,1.58347216672183e-07,2.634721663064e-08,2.43472166872039e-08,2.43472166872039e-08,2.43472166872039e-08,1.13472167218021e-08,8.34721669562555e-09,2.65278332634011e-09,2.65278332634011e-09,2.65278332634011e-09,NaN,NaN,NaN,NaN,NaN,NaN,NaN,NaN,NaN,NaN,NaN,NaN,NaN,NaN,NaN,NaN,NaN,NaN,NaN
1.037132,1.037132,1.047132,1.047132,1.057132,1.057132,1.067132,1.067132,1.077132,1.077132,1.087132,1.087132,1.097132,1.097132,1.107132,1.127132,1.137132,1.157132,1.177132,NaN,NaN,NaN,NaN,NaN,NaN,NaN,NaN,NaN,NaN,NaN,NaN,NaN,NaN,NaN,NaN,NaN,NaN,NaN,NaN,NaN,NaN,NaN
1501.78624630318,46.7425571531778,5.2359242131778,1.9533635928778,0.738316801177801,0.515224709177801,0.0267120231778009,0.019431780177801,0.00826296917780089,0.00152244217780106,0.00054071817780077,9.54601778011543e-05,1.56231778007943e-05,2.2741778007429e-06,3.68177801135516e-07,6.61778010169201e-08,1.11778009070918e-08,1.11778009070918e-08,1.11778009070918e-08,NaN,NaN,NaN,NaN,NaN,NaN,NaN,NaN,NaN,NaN,NaN,NaN,NaN,NaN,NaN,NaN,NaN,NaN,NaN,NaN,NaN,NaN,NaN
0.781686,0.781686,0.791686,0.791686,0.801686,0.801686,0.811686,0.811686,0.821686,0.821686,0.831686,0.831686,0.841686,0.841686,0.861686,0.871686,0.891686,0.911686,0.931686,0.941686,0.961686,0.981686,0.991686,1.011686,1.031686,NaN,NaN,NaN,NaN,NaN,NaN,NaN,NaN,NaN,NaN,NaN,NaN,NaN,NaN,NaN,NaN,NaN
1528.74012203999,48.0786996199882,5.38188747498823,1.98917414858823,0.694818328988228,0.376018028988228,0.029150572988228,0.0199895499882281,0.00700024498822804,0.0017630769882282,0.000404818988227973,7.05639882281339e-05,1.05809882282593e-05,1.62998822794691e-06,2.7798822799241e-07,5.19882279448325e-08,4.89882281407006e-08,4.79882280579602e-08,4.29882280883476e-08,4.29882280883476e-08,1.19882281879313e-08,1.19882281879313e-08,1.19882281879313e-08,1.19882281879313e-08,1.19882281879313e-08,NaN,NaN,NaN,NaN,NaN,NaN,NaN,NaN,NaN,NaN,NaN,NaN,NaN,NaN,NaN,NaN,NaN
1.030716,1.030716,1.040716,1.040716,1.050716,1.050716,1.060716,1.060716,1.070716,1.070716,1.070716,1.080716,1.080716,1.100716,1.110716,1.130716,1.150716,1.170716,1.190716,1.210716,1.220716,1.240716,1.250716,1.270716,1.290716,1.310716,NaN,NaN,NaN,NaN,NaN,NaN,NaN,NaN,NaN,NaN,NaN,NaN,NaN,NaN,NaN,NaN
1218.95050988295,20.5417616129517,1.68897455295172,0.24670747495172,0.27835070295172,0.0428399609517203,0.0204099199517203,0.00632879895172023,0.00154198295172026,0.000546740951720359,5.25099517203476e-05,6.3939517203071e-06,9.65951720388603e-07,1.57951720369809e-07,2.49517202455252e-08,2.39517203848294e-08,2.19517202193487e-08,2.19517202193487e-08,2.19517202193487e-08,2.19517202193487e-08,8.95172025394686e-09,1.39517202235595e-08,2.0482797680188e-09,7.04827973763145e-09,7.04827973763145e-09,7.04827973763145e-09,NaN,NaN,NaN,NaN,NaN,NaN,NaN,NaN,NaN,NaN,NaN,NaN,NaN,NaN,NaN,NaN
0.794566,0.794566,0.804566,0.804566,0.814566,0.814566,0.824566,0.824566,0.834566,0.834566,0.844566,0.844566,0.854566,0.864566,0.884566,0.894566,0.914566,0.934566,0.944566,0.964566,0.984566,1.004566,NaN,NaN,NaN,NaN,NaN,NaN,NaN,NaN,NaN,NaN,NaN,NaN,NaN,NaN,NaN,NaN,NaN,NaN,NaN,NaN
1255.08776647084,24.7312842608356,1.9301931978356,0.312266740835597,0.312060832835597,0.0456040708355974,0.0124248538355973,0.00434235283559725,0.00124918583559741,0.000374770835597227,3.70458355973824e-05,5.06583559722884e-06,7.82835597235021e-07,1.27835597441006e-07,1.27835597441006e-07,2.18355973302664e-08,2.18355973302664e-08,6.16440276601793e-09,6.16440276601793e-09,6.16440276601793e-09,6.16440276601793e-09,6.16440276601793e-09,NaN,NaN,NaN,NaN,NaN,NaN,NaN,NaN,NaN,NaN,NaN,NaN,NaN,NaN,NaN,NaN,NaN,NaN,NaN,NaN
0.816492,0.816492,0.826492,0.826492,0.836492,0.836492,0.846492,0.846492,0.856492,0.856492,0.866492,0.866492,0.876492,0.876492,0.886492,0.896492,0.916492,0.936492,0.956492,0.976492,0.986492,1.006492,NaN,NaN,NaN,NaN,NaN,NaN,NaN,NaN,NaN,NaN,NaN,NaN,NaN,NaN,NaN,NaN,NaN,NaN,NaN,NaN
1628.95093758492,51.304084464916,5.76688571991603,2.17316688571603,0.935427065916032,0.663322182916032,0.046767948916032,0.0276348359160319,0.0129430579160319,0.00339400991603211,0.00127346991603172,0.000339869916031965,5.93629160317022e-05,9.27891603197395e-06,1.44291603199065e-06,2.49916031869191e-07,2.49916031869191e-07,4.19160319786727e-08,4.19160319786727e-08,3.99160318131919e-08,3.99160318131919e-08,3.99160318131919e-08,NaN,NaN,NaN,NaN,NaN,NaN,NaN,NaN,NaN,NaN,NaN,NaN,NaN,NaN,NaN,NaN,NaN,NaN,NaN,NaN
1.038378,1.038378,1.048378,1.048378,1.058378,1.058378,1.068378,1.068378,1.078378,1.078378,1.088378,1.088378,1.098378,1.098378,1.108378,1.118378,1.128378,1.148378,1.178378,1.188378,1.208378,1.228378,NaN,NaN,NaN,NaN,NaN,NaN,NaN,NaN,NaN,NaN,NaN,NaN,NaN,NaN,NaN,NaN,NaN,NaN,NaN,NaN
1512.89124045394,48.0513167239415,5.46190569494155,2.07974907404155,0.917442430941546,0.649526293941546,0.0518610939415458,0.0250732749415459,0.0118937679415456,0.00311963594154596,0.00116753394154578,0.00032457194154567,5.56249415457621e-05,8.39394154583673e-06,1.24094154596577e-06,2.14941545895186e-07,3.79415459050847e-08,3.79415459050847e-08,3.79415459050847e-08,3.2941545935472e-08,3.2941545935472e-08,3.2941545935472e-08,NaN,NaN,NaN,NaN,NaN,NaN,NaN,NaN,NaN,NaN,NaN,NaN,NaN,NaN,NaN,NaN,NaN,NaN,NaN,NaN
1.50482,1.50482,1.51482,1.51482,1.52482,1.52482,1.52482,1.53482,1.53482,1.54482,1.54482,1.55482,1.55482,1.56482,1.58482,1.59482,1.61482,1.63482,1.64482,1.66482,1.68482,1.70482,1.72482,1.74482,1.76482,1.78482,1.79482,1.80482,1.82482,1.83482,1.84482,1.86482,1.88482,1.90482,1.91482,1.94482,1.96482,NaN,NaN,NaN,NaN,NaN
1598.26844789752,47.4687220675236,5.37354240052363,1.99611159942363,0.631956176523629,0.312640229523629,0.0461216105236284,0.0249928925236285,0.0076559285236284,0.00207741352362856,0.000634226523628545,9.02935236286595e-05,1.59585236283455e-05,2.93052362865254e-06,5.51523628544714e-07,5.46523628575102e-07,5.32523628304915e-07,5.06523628374111e-07,4.79523628360567e-07,4.31523628385833e-07,4.24523628250739e-07,4.22523628529348e-07,4.20523628363867e-07,4.18523628642475e-07,4.18523628642475e-07,4.18523628642475e-07,4.16523628476995e-07,7.65236283228887e-08,6.25236284967912e-08,6.15236284140508e-08,5.35236286403062e-08,5.05236283920851e-08,4.05236284528598e-08,4.05236284528598e-08,2.05236285744093e-08,2.05236285744093e-08,2.05236285744093e-08,NaN,NaN,NaN,NaN,NaN
1.048351,1.048351,1.058351,1.058351,1.068351,1.068351,1.078351,1.078351,1.088351,1.088351,1.098351,1.098351,1.108351,1.128351,1.148351,1.168351,1.188351,1.208351,1.228351,1.238351,1.258351,1.278351,1.288351,1.298351,1.318351,1.338351,NaN,NaN,NaN,NaN,NaN,NaN,NaN,NaN,NaN,NaN,NaN,NaN,NaN,NaN,NaN,NaN
1554.6996645279,30.5187337279022,2.63616716490219,0.405258841902189,0.387913683902189,0.0952675459021892,0.0319813549021892,0.00508178090218925,0.00178826090218931,0.000222408902189386,3.49729021893452e-05,5.89990218924363e-06,1.01790218920428e-06,1.76902189341632e-07,1.74902189176152e-07,1.74902189176152e-07,1.73902189315456e-07,1.70902189289279e-07,1.68902189345843e-07,1.68902189345843e-07,1.68902189345843e-07,1.35902189279946e-07,1.69021892038046e-08,2.90218937770703e-09,2.90218937770703e-09,2.90218937770703e-09,NaN,NaN,NaN,NaN,NaN,NaN,NaN,NaN,NaN,NaN,NaN,NaN,NaN,NaN,NaN,NaN
0.788262,0.788262,0.798262,0.798262,0.808262,0.808262,0.818262,0.818262,0.828262,0.828262,0.838262,0.838262,0.848262,0.858262,0.868262,0.888262,0.908262,0.928262,0.938262,0.958262,0.968262,0.988262,1.008262,1.028262,NaN,NaN,NaN,NaN,NaN,NaN,NaN,NaN,NaN,NaN,NaN,NaN,NaN,NaN,NaN,NaN,NaN,NaN
1187.99033058373,35.0577437137268,4.19749868572675,1.71446569132675,0.810010613726754,0.644023359726754,0.0699622407267535,0.0102666467267536,0.00580409172675367,0.00129464572675353,0.000423411726753642,4.95697267535178e-05,7.64072675352168e-06,1.32572675370923e-06,2.39726753559211e-07,2.39726753559211e-07,2.39726753559211e-07,2.39726753559211e-07,2.40726753641951e-07,2.40726753641951e-07,4.1726753607918e-08,3.37267538341735e-08,3.37267538341735e-08,3.37267538341735e-08,NaN,NaN,NaN,NaN,NaN,NaN,NaN,NaN,NaN,NaN,NaN,NaN,NaN,NaN,NaN,NaN,NaN,NaN
1.049843,1.049843,1.059843,1.059843,1.069843,1.069843,1.079843,1.079843,1.089843,1.089843,1.099843,1.099843,1.109843,1.109843,1.119843,1.139843,1.159843,1.169843,1.189843,1.209843,1.229843,1.249843,1.269843,1.289843,1.299843,NaN,NaN,NaN,NaN,NaN,NaN,NaN,NaN,NaN,NaN,NaN,NaN,NaN,NaN,NaN,NaN,NaN
1603.44125228514,51.5428809751391,5.64900548113914,2.04138833643914,0.431366981139135,0.166469278139135,0.0211630011391355,0.0134344701391353,0.00411731313913544,0.00139650213913534,0.000237846139135467,3.51631391350971e-05,5.49613913536362e-06,9.58139135143199e-07,5.65139135488835e-07,9.41391351538812e-08,9.11391353497493e-08,5.21391352314993e-08,5.11391351487589e-08,5.01391355101077e-08,5.01391355101077e-08,5.01391355101077e-08,1.61391353614704e-08,1.61391353614704e-08,1.61391353614704e-08,NaN,NaN,NaN,NaN,NaN,NaN,NaN,NaN,NaN,NaN,NaN,NaN,NaN,NaN,NaN,NaN,NaN
0.759878,0.759878,0.769878,0.769878,0.779878,0.779878,0.789878,0.789878,0.799878,0.799878,0.799878,0.809878,0.809878,0.819878,0.819878,0.839878,0.859878,0.869878,0.889878,0.909878,NaN,NaN,NaN,NaN,NaN,NaN,NaN,NaN,NaN,NaN,NaN,NaN,NaN,NaN,NaN,NaN,NaN,NaN,NaN,NaN,NaN,NaN
1644.66438140979,53.8181435197894,5.92127721678939,2.21082561068939,1.12317358678939,0.926597220789394,0.138321198789394,0.0183621117893944,0.0131373227893943,0.00480271278939437,0.00115032878939436,0.00026911578939437,4.26507893944716e-05,6.49978939426532e-06,1.10178939438654e-06,1.96789394557584e-07,1.94789394392103e-07,3.27893943108393e-08,3.27893943108393e-08,3.27893943108393e-08,NaN,NaN,NaN,NaN,NaN,NaN,NaN,NaN,NaN,NaN,NaN,NaN,NaN,NaN,NaN,NaN,NaN,NaN,NaN,NaN,NaN,NaN
0.993509,1.003509,1.003509,1.013509,1.013509,1.023509,1.023509,1.033509,1.033509,1.043509,1.053509,1.053509,1.063509,1.063509,1.083509,1.103509,1.123509,1.133509,1.163509,1.183509,1.203509,NaN,NaN,NaN,NaN,NaN,NaN,NaN,NaN,NaN,NaN,NaN,NaN,NaN,NaN,NaN,NaN,NaN,NaN,NaN,NaN,NaN
1218.61276734871,36.1806767587083,4.23698066670826,1.70764997570826,0.726200053708259,0.514259590708259,0.072320433708259,0.0180928267082594,0.00691488270825902,0.00152042670825914,0.000369906708259204,5.02907082591264e-05,8.54370825909001e-06,1.56770825920916e-06,2.88708259077453e-07,2.8470825919058e-07,2.827082590251e-07,1.6870825936266e-07,1.6770825927992e-07,1.6770825927992e-07,1.6770825927992e-07,NaN,NaN,NaN,NaN,NaN,NaN,NaN,NaN,NaN,NaN,NaN,NaN,NaN,NaN,NaN,NaN,NaN,NaN,NaN,NaN,NaN
1.06217,1.06217,1.07217,1.07217,1.08217,1.08217,1.09217,1.09217,1.10217,1.10217,1.11217,1.11217,1.12217,1.13217,1.15217,1.16217,1.18217,1.20217,NaN,NaN,NaN,NaN,NaN,NaN,NaN,NaN,NaN,NaN,NaN,NaN,NaN,NaN,NaN,NaN,NaN,NaN,NaN,NaN,NaN,NaN,NaN,NaN
1187.91466061135,19.5884445613512,1.67578230435124,0.217137453351238,0.272750465351238,0.0381406603512378,0.0174399963512377,0.00596146235123785,0.00159788335123778,0.000592942351237857,8.78933512378222e-05,1.08133512377595e-05,1.14035123766065e-06,1.51351237764885e-07,2.33512378322587e-08,4.35123781450386e-09,4.35123781450386e-09,4.35123781450386e-09,NaN,NaN,NaN,NaN,NaN,NaN,NaN,NaN,NaN,NaN,NaN,NaN,NaN,NaN,NaN,NaN,NaN,NaN,NaN,NaN,NaN,NaN,NaN,NaN
0.741526,0.741526,0.751526,0.751526,0.761526,0.761526,0.771526,0.771526,0.781526,0.781526,0.791526,0.791526,0.801526,0.801526,0.811526,0.831526,0.851526,0.861526,0.881526,0.891526,0.911526,0.931526,0.951526,0.971526,NaN,NaN,NaN,NaN,NaN,NaN,NaN,NaN,NaN,NaN,NaN,NaN,NaN,NaN,NaN,NaN,NaN,NaN
1278.02668313116,23.5971420711639,1.96856904716386,0.286658658163859,0.307025240163859,0.0452920221638593,0.0208542261638593,0.00701562716385928,0.00188078616385945,0.000694795163859396,0.000104876163859347,1.32831638592901e-05,1.54016385933708e-06,2.33163859331142e-07,3.71638593232859e-08,8.16385936630581e-09,8.16385936630581e-09,8.16385936630581e-09,8.16385936630581e-09,4.16385947943354e-09,4.16385947943354e-09,8.3614071222371e-10,8.3614071222371e-10,8.3614071222371e-10,NaN,NaN,NaN,NaN,NaN,NaN,NaN,NaN,NaN,NaN,NaN,NaN,NaN,NaN,NaN,NaN,NaN,NaN
0.747305,0.747305,0.757305,0.757305,0.767305,0.767305,0.777305,0.777305,0.787305,0.787305,0.797305,0.797305,0.807305,0.817305,0.827305,0.847305,0.867305,0.887305,0.897305,0.917305,0.937305,NaN,NaN,NaN,NaN,NaN,NaN,NaN,NaN,NaN,NaN,NaN,NaN,NaN,NaN,NaN,NaN,NaN,NaN,NaN,NaN,NaN
1290.22216416542,26.0724770854232,1.98497521142317,0.348488587423168,0.342786560423167,0.0505035704231676,0.0139161734231674,0.00490338042316751,0.00135378242316753,0.000441862423167461,6.80664231673678e-05,8.7404231674526e-06,1.01642316741035e-06,1.59423167556128e-07,9.14231674808974e-08,1.44231675491824e-08,1.44231675491824e-08,1.44231675491824e-08,1.54231674098781e-08,1.54231674098781e-08,1.54231674098781e-08,NaN,NaN,NaN,NaN,NaN,NaN,NaN,NaN,NaN,NaN,NaN,NaN,NaN,NaN,NaN,NaN,NaN,NaN,NaN,NaN,NaN
0.764577,0.764577,0.774577,0.774577,0.784577,0.784577,0.794577,0.794577,0.804577,0.804577,0.814577,0.814577,0.824577,0.824577,0.834577,0.854577,0.864577,0.884577,0.904577,0.924577,0.934577,0.954577,0.964577,0.984577,1.004577,1.024577,1.044577,1.064577,NaN,NaN,NaN,NaN,NaN,NaN,NaN,NaN,NaN,NaN,NaN,NaN,NaN,NaN
1540.26194057744,53.280009027442,5.83828641744197,2.22920181184197,1.13975940244197,0.839898620441972,0.0713463294419725,0.0234831464419725,0.0120022954419725,0.00324242444197242,0.00105639744197239,0.000294863441972382,4.14354419722152e-05,7.13344197222909e-06,1.30244197249496e-06,2.42441972275742e-07,2.41441972193002e-07,2.3944197247161e-07,2.3844197238887e-07,2.33441972419257e-07,1.86441972527263e-07,1.79441972392169e-07,3.14419725810922e-08,3.14419725810922e-08,3.14419725810922e-08,3.14419725810922e-08,3.14419725810922e-08,3.14419725810922e-08,NaN,NaN,NaN,NaN,NaN,NaN,NaN,NaN,NaN,NaN,NaN,NaN,NaN,NaN
0.940231,0.940231,0.950231,0.950231,0.960231,0.960231,0.970231,0.970231,0.980231,0.980231,0.990231,0.990231,1.000231,1.010231,1.020231,1.030231,1.060231,1.080231,1.100231,1.120231,1.130231,1.150231,1.170231,NaN,NaN,NaN,NaN,NaN,NaN,NaN,NaN,NaN,NaN,NaN,NaN,NaN,NaN,NaN,NaN,NaN,NaN,NaN
1166.25884506885,33.1922979188473,4.1184414628473,1.7395561063473,0.689165845847303,0.515795904847303,0.0412388348473032,0.020865110847303,0.00953768284730305,0.00228879584730279,0.000817189847302835,0.000186399847303065,2.17978473031621e-05,3.4868473028915e-06,6.32847303005946e-07,1.14847302778998e-07,1.14847302778998e-07,1.14847302778998e-07,1.02847303118381e-07,1.02847303118381e-07,1.18473031385236e-08,1.18473031385236e-08,1.18473031385236e-08,NaN,NaN,NaN,NaN,NaN,NaN,NaN,NaN,NaN,NaN,NaN,NaN,NaN,NaN,NaN,NaN,NaN,NaN,NaN
1.76661,1.79661,1.80661,1.81661,1.81661,1.82661,1.82661,1.83661,1.84661,1.84661,1.85661,1.85661,1.86661,1.88661,1.90661,1.91661,1.93661,1.95661,1.97661,1.99661,2.01661,2.03661,2.05661,2.07661,NaN,NaN,NaN,NaN,NaN,NaN,NaN,NaN,NaN,NaN,NaN,NaN,NaN,NaN,NaN,NaN,NaN,NaN
1585.57599054139,32.8351204613938,2.67771019039384,0.47027208539384,0.42709098939384,0.0942448893938401,0.0438318273938401,0.01807313339384,0.00482110739384001,0.00191978139384008,0.000232638393840023,3.38123938401491e-05,5.55639384014484e-06,9.38393840188567e-07,8.40393840073617e-07,4.90393839980285e-07,4.88393840036849e-07,7.83938400861217e-08,7.63938401426856e-08,7.53938400599452e-08,7.33938401165091e-08,6.93938400075922e-08,6.93938400075922e-08,6.93938400075922e-08,NaN,NaN,NaN,NaN,NaN,NaN,NaN,NaN,NaN,NaN,NaN,NaN,NaN,NaN,NaN,NaN,NaN,NaN
1.343829,1.343829,1.353829,1.363829,1.363829,1.373829,1.373829,1.383829,1.383829,1.393829,1.393829,1.403829,1.413829,1.423829,1.443829,1.463829,1.483829,1.503829,1.513829,1.533829,1.553829,1.573829,NaN,NaN,NaN,NaN,NaN,NaN,NaN,NaN,NaN,NaN,NaN,NaN,NaN,NaN,NaN,NaN,NaN,NaN,NaN,NaN
1588.11697729705,35.0541065670548,2.77905839305484,0.500173139054839,0.403214016054838,0.0661583110548385,0.0252821700548385,0.00810669705483846,0.0022666580548385,0.000817728054838485,0.000121158054838366,1.67330548384026e-05,2.44405483851295e-06,4.00054838367581e-07,3.57054838362458e-07,6.00548384355193e-08,6.00548384355193e-08,6.00548384355193e-08,3.10548384785392e-08,1.50548384869609e-08,1.50548384869609e-08,1.50548384869609e-08,NaN,NaN,NaN,NaN,NaN,NaN,NaN,NaN,NaN,NaN,NaN,NaN,NaN,NaN,NaN,NaN,NaN,NaN,NaN,NaN
0.778607,0.778607,0.788607,0.788607,0.798607,0.798607,0.808607,0.808607,0.818607,0.818607,0.828607,0.828607,0.828607,0.838607,0.848607,0.868607,0.888607,0.908607,0.928607,0.938607,0.958607,0.978607,NaN,NaN,NaN,NaN,NaN,NaN,NaN,NaN,NaN,NaN,NaN,NaN,NaN,NaN,NaN,NaN,NaN,NaN,NaN,NaN
1608.00436324035,34.209563680354,2.72140997235395,0.498104709353951,0.431524762353951,0.0635985803539507,0.0303695863539508,0.0117917473539506,0.00348008035395075,0.00133420735395062,0.000212309353950779,3.2889353950738e-05,4.5183539507665e-06,6.93353950698139e-07,1.19353950722711e-07,2.83539507428543e-08,2.83539507428543e-08,1.93539506643248e-08,1.93539506643248e-08,6.64604926647883e-09,6.64604926647883e-09,6.64604926647883e-09,NaN,NaN,NaN,NaN,NaN,NaN,NaN,NaN,NaN,NaN,NaN,NaN,NaN,NaN,NaN,NaN,NaN,NaN,NaN,NaN
0.771017,0.771017,0.781017,0.781017,0.791017,0.791017,0.801017,0.801017,0.811017,0.811017,0.821017,0.821017,0.831017,0.831017,0.841017,0.861017,0.881017,0.901017,0.911017,0.931017,0.941017,0.961017,0.981017,1.001017,NaN,NaN,NaN,NaN,NaN,NaN,NaN,NaN,NaN,NaN,NaN,NaN,NaN,NaN,NaN,NaN,NaN,NaN
1662.33820556355,54.3791827335529,5.83365189155292,2.09646120235292,0.812292259552916,0.545455436552916,0.0275528965529159,0.0199116085529156,0.00828156355291565,0.00150720555291572,0.000412685552915626,7.2247552915794e-05,1.12185529155262e-05,1.75355291576196e-06,3.01552915527026e-07,5.05529156313855e-08,4.95529155486452e-08,4.55529156617729e-08,4.47084147481291e-10,4.47084147481291e-10,4.47084147481291e-10,4.47084147481291e-10,4.47084147481291e-10,4.47084147481291e-10,NaN,NaN,NaN,NaN,NaN,NaN,NaN,NaN,NaN,NaN,NaN,NaN,NaN,NaN,NaN,NaN,NaN,NaN
0.782807,0.782807,0.792807,0.792807,0.802807,0.802807,0.812807,0.812807,0.822807,0.822807,0.832807,0.832807,0.832807,0.852807,0.862807,0.882807,0.902807,NaN,NaN,NaN,NaN,NaN,NaN,NaN,NaN,NaN,NaN,NaN,NaN,NaN,NaN,NaN,NaN,NaN,NaN,NaN,NaN,NaN,NaN,NaN,NaN,NaN
1313.68959241739,39.1201189173923,4.64725551539228,1.86550342839228,0.817698034392277,0.640277358392277,0.0772058353922769,0.0123133223922771,0.00609367239227687,0.00122270439227679,0.00028319239227681,3.62093922769979e-05,5.6433922770438e-06,1.01039227695665e-06,1.85392277085583e-07,1.85392277085583e-07,1.85392277085583e-07,NaN,NaN,NaN,NaN,NaN,NaN,NaN,NaN,NaN,NaN,NaN,NaN,NaN,NaN,NaN,NaN,NaN,NaN,NaN,NaN,NaN,NaN,NaN,NaN,NaN
0.790909,0.790909,0.800909,0.800909,0.810909,0.810909,0.820909,0.830909,0.830909,0.840909,0.850909,0.850909,0.860909,0.860909,0.880909,0.890909,0.900909,0.920909,0.950909,NaN,NaN,NaN,NaN,NaN,NaN,NaN,NaN,NaN,NaN,NaN,NaN,NaN,NaN,NaN,NaN,NaN,NaN,NaN,NaN,NaN,NaN,NaN
1521.30313980699,50.3092247669854,5.62065381298537,2.16262029308537,1.09248528698537,0.867179258985368,0.0857358249853677,0.0124397609853677,0.00738910998536779,0.00199330798536757,0.000728085985367777,0.000131898985367584,2.31279853677435e-05,3.49198536753192e-06,5.23985367539836e-07,9.09853676844818e-08,1.79853678616837e-08,1.79853678616837e-08,1.79853678616837e-08,NaN,NaN,NaN,NaN,NaN,NaN,NaN,NaN,NaN,NaN,NaN,NaN,NaN,NaN,NaN,NaN,NaN,NaN,NaN,NaN,NaN,NaN,NaN
0.749475,0.749475,0.759475,0.759475,0.769475,0.769475,0.779475,0.779475,0.789475,0.789475,0.799475,0.799475,0.809475,0.819475,0.829475,0.849475,0.859475,0.879475,NaN,NaN,NaN,NaN,NaN,NaN,NaN,NaN,NaN,NaN,NaN,NaN,NaN,NaN,NaN,NaN,NaN,NaN,NaN,NaN,NaN,NaN,NaN,NaN
1507.12970675809,29.8762410580877,2.52880048408772,0.400564570087722,0.352371152087722,0.0598532860877217,0.0278877920877216,0.00835966708772173,0.00213808308772157,0.000804147087721585,0.000128856087721729,1.97160877215552e-05,2.63708772174631e-06,3.84087721627679e-07,6.20877216306326e-08,1.10877216297212e-08,1.10877216297212e-08,1.10877216297212e-08,NaN,NaN,NaN,NaN,NaN,NaN,NaN,NaN,NaN,NaN,NaN,NaN,NaN,NaN,NaN,NaN,NaN,NaN,NaN,NaN,NaN,NaN,NaN,NaN
0.814639,0.814639,0.824639,0.824639,0.834639,0.834639,0.844639,0.844639,0.854639,0.854639,0.864639,0.864639,0.874639,0.874639,0.894639,0.904639,0.924639,0.944639,0.954639,0.974639,0.994639,NaN,NaN,NaN,NaN,NaN,NaN,NaN,NaN,NaN,NaN,NaN,NaN,NaN,NaN,NaN,NaN,NaN,NaN,NaN,NaN,NaN
1293.59594825035,40.2696757103456,4.71171524534555,1.89038282474555,0.88500782134555,0.66102879634555,0.0564263333455499,0.0220912933455497,0.0111012043455498,0.00313103034554985,0.00109300834555004,0.000343546345550116,5.61913455499052e-05,8.05034554973716e-06,1.17734554994087e-06,1.94345549875408e-07,3.33455498768842e-08,3.33455498768842e-08,2.13455497721782e-08,2.13455497721782e-08,2.13455497721782e-08,NaN,NaN,NaN,NaN,NaN,NaN,NaN,NaN,NaN,NaN,NaN,NaN,NaN,NaN,NaN,NaN,NaN,NaN,NaN,NaN,NaN
0.813735,0.813735,0.823735,0.823735,0.833735,0.833735,0.843735,0.853735,0.853735,0.863735,0.863735,0.873735,0.873735,0.883735,0.893735,0.903735,0.923735,0.943735,0.963735,0.983735,NaN,NaN,NaN,NaN,NaN,NaN,NaN,NaN,NaN,NaN,NaN,NaN,NaN,NaN,NaN,NaN,NaN,NaN,NaN,NaN,NaN,NaN
1281.3654989283,39.0485405583006,4.60036722430062,1.85159051500062,0.910682329300618,0.762827966300618,0.122804772300618,0.0160936383006178,0.0116171313006177,0.00438408830061787,0.000976563300617794,0.000240168300617682,3.91523006175731e-05,5.21830061783746e-06,7.98300617610437e-07,1.39300617707505e-07,1.39300617707505e-07,2.23006177968443e-08,2.23006177968443e-08,2.23006177968443e-08,NaN,NaN,NaN,NaN,NaN,NaN,NaN,NaN,NaN,NaN,NaN,NaN,NaN,NaN,NaN,NaN,NaN,NaN,NaN,NaN,NaN,NaN
0.816878,0.816878,0.826878,0.826878,0.836878,0.836878,0.846878,0.846878,0.856878,0.856878,0.866878,0.866878,0.876878,0.886878,0.896878,0.916878,0.926878,0.946878,0.966878,0.986878,1.006878,1.016878,1.036878,1.056878,NaN,NaN,NaN,NaN,NaN,NaN,NaN,NaN,NaN,NaN,NaN,NaN,NaN,NaN,NaN,NaN,NaN,NaN
1337.76179433658,25.5964738165838,2.05414982858378,0.339756538583775,0.318005152583775,0.0513878975837754,0.0200942265837754,0.00644638358377536,0.00174396058377524,0.000608616583775312,6.94835837753427e-05,8.76458377541134e-06,1.36858377541849e-06,2.2758377538068e-07,1.32583775291906e-07,1.95837752681172e-08,1.95837752681172e-08,1.85837754074214e-08,1.85837754074214e-08,1.85837754074214e-08,1.85837754074214e-08,4.58377535927923e-09,4.58377535927923e-09,4.58377535927923e-09,NaN,NaN,NaN,NaN,NaN,NaN,NaN,NaN,NaN,NaN,NaN,NaN,NaN,NaN,NaN,NaN,NaN,NaN
0.828649,0.828649,0.838649,0.838649,0.848649,0.848649,0.848649,0.858649,0.858649,0.868649,0.868649,0.878649,0.878649,0.878649,0.898649,0.908649,0.928649,0.948649,NaN,NaN,NaN,NaN,NaN,NaN,NaN,NaN,NaN,NaN,NaN,NaN,NaN,NaN,NaN,NaN,NaN,NaN,NaN,NaN,NaN,NaN,NaN,NaN
1288.98805417449,40.9292705444926,4.66916181649258,1.84129047689258,0.853655017492583,0.673679322492583,0.0964867234925828,0.0134110364925828,0.00855003949258304,0.00245044549258289,0.000769893492583051,0.000102224492582792,1.42874925828096e-05,2.3414925829357e-06,4.2949258283187e-07,7.84925826557981e-08,7.84925826557981e-08,7.84925826557981e-08,NaN,NaN,NaN,NaN,NaN,NaN,NaN,NaN,NaN,NaN,NaN,NaN,NaN,NaN,NaN,NaN,NaN,NaN,NaN,NaN,NaN,NaN,NaN,NaN
0.778081,0.778081,0.788081,0.788081,0.798081,0.798081,0.808081,0.808081,0.818081,0.818081,0.828081,0.828081,0.838081,0.848081,0.868081,0.888081,0.908081,0.918081,0.938081,0.948081,0.968081,0.978081,0.998081,1.018081,1.028081,1.048081,1.068081,NaN,NaN,NaN,NaN,NaN,NaN,NaN,NaN,NaN,NaN,NaN,NaN,NaN,NaN,NaN
1345.26101865749,40.2831943674928,4.62479544549282,1.78797175209282,0.654970609492824,0.404459115492824,0.0601041654928243,0.025406308492824,0.00902633449282408,0.00196073949282427,0.000528903492824195,7.08774928241951e-05,1.2173492824008e-05,2.20949282425664e-06,4.104928241766e-07,4.104928241766e-07,4.104928241766e-07,4.0949282409386e-07,4.0949282409386e-07,4.0949282409386e-07,3.25492824249096e-07,3.08492824174778e-07,3.07492824092037e-07,2.99492823874203e-07,2.99492823874203e-07,2.99492823874203e-07,2.99492823874203e-07,NaN,NaN,NaN,NaN,NaN,NaN,NaN,NaN,NaN,NaN,NaN,NaN,NaN,NaN,NaN
0.776253,0.776253,0.786253,0.786253,0.796253,0.796253,0.806253,0.806253,0.816253,0.816253,0.816253,0.826253,0.826253,0.836253,0.846253,0.856253,0.876253,0.896253,0.916253,0.936253,0.956253,0.966253,0.986253,1.006253,NaN,NaN,NaN,NaN,NaN,NaN,NaN,NaN,NaN,NaN,NaN,NaN,NaN,NaN,NaN,NaN,NaN,NaN
1300.92612201672,39.2558364567247,4.66506166172466,1.85972472302466,0.756871946724665,0.549414499724665,0.0583060477246646,0.0193136577246649,0.00876986572466487,0.00163174672466493,0.00072174672466474,9.31897246649882e-05,1.33887246649422e-05,2.26872466457806e-06,4.03724664810312e-07,7.47246646781718e-08,7.47246646781718e-08,7.37246645954315e-08,7.37246645954315e-08,7.07246647912996e-08,7.07246647912996e-08,3.8724664808143e-08,3.8724664808143e-08,3.8724664808143e-08,NaN,NaN,NaN,NaN,NaN,NaN,NaN,NaN,NaN,NaN,NaN,NaN,NaN,NaN,NaN,NaN,NaN,NaN
1.989324,1.999324,2.009324,2.009324,2.019324,2.019324,2.029324,2.029324,2.039324,2.039324,2.049324,2.049324,2.059324,2.069324,2.089324,2.109324,2.129324,2.159324,NaN,NaN,NaN,NaN,NaN,NaN,NaN,NaN,NaN,NaN,NaN,NaN,NaN,NaN,NaN,NaN,NaN,NaN,NaN,NaN,NaN,NaN,NaN,NaN
1228.15944226604,33.0493086260357,4.08486703703569,1.66106342763569,0.534661978035694,0.371617013035694,0.0194118230356937,0.0138374590356936,0.00498114503569358,0.0011181000356939,0.000227525035693787,2.8240035693905e-05,4.36403569370469e-06,7.67035693627349e-07,1.43035693955795e-07,1.42035693873055e-07,1.42035693873055e-07,1.42035693873055e-07,NaN,NaN,NaN,NaN,NaN,NaN,NaN,NaN,NaN,NaN,NaN,NaN,NaN,NaN,NaN,NaN,NaN,NaN,NaN,NaN,NaN,NaN,NaN,NaN
0.754445,0.754445,0.754445,0.764445,0.764445,0.774445,0.774445,0.784445,0.784445,0.794445,0.794445,0.794445,0.804445,0.804445,0.824445,0.834445,0.854445,0.874445,0.884445,0.894445,0.914445,0.934445,NaN,NaN,NaN,NaN,NaN,NaN,NaN,NaN,NaN,NaN,NaN,NaN,NaN,NaN,NaN,NaN,NaN,NaN,NaN,NaN
1257.20950949284,22.179075992836,1.77790177783605,0.274651385836047,0.289228558836047,0.0447857658360467,0.0194498108360466,0.0063529618360465,0.00171907083604661,0.000628553836046652,7.98578360465818e-05,8.8548360466234e-06,1.22083604647827e-06,1.90836046520815e-07,3.08360466050317e-08,1.48360466134534e-08,1.48360466134534e-08,1.48360466134534e-08,3.83604659148773e-09,6.16395334773756e-09,6.16395334773756e-09,6.16395334773756e-09,NaN,NaN,NaN,NaN,NaN,NaN,NaN,NaN,NaN,NaN,NaN,NaN,NaN,NaN,NaN,NaN,NaN,NaN,NaN,NaN
0.755013,0.755013,0.765013,0.765013,0.775013,0.775013,0.785013,0.785013,0.795013,0.795013,0.805013,0.805013,0.815013,0.815013,0.825013,0.835013,0.855013,0.875013,NaN,NaN,NaN,NaN,NaN,NaN,NaN,NaN,NaN,NaN,NaN,NaN,NaN,NaN,NaN,NaN,NaN,NaN,NaN,NaN,NaN,NaN,NaN,NaN
1178.07283872173,32.4566693417325,4.00977574673249,1.63631182973249,0.694641973732488,0.501350548732488,0.0320012917324877,0.0191310577324879,0.00902316973248762,0.00236473673248794,0.000848757732487826,0.000231045732487889,3.46307324878836e-05,4.39873248758715e-06,6.4873248772912e-07,1.06732487736849e-07,1.06732487736849e-07,1.06732487736849e-07,NaN,NaN,NaN,NaN,NaN,NaN,NaN,NaN,NaN,NaN,NaN,NaN,NaN,NaN,NaN,NaN,NaN,NaN,NaN,NaN,NaN,NaN,NaN,NaN
0.776237,0.776237,0.786237,0.786237,0.796237,0.796237,0.806237,0.806237,0.816237,0.816237,0.816237,0.826237,0.826237,0.836237,0.846237,0.866237,0.876237,0.896237,0.916237,0.936237,0.946237,0.956237,0.976237,0.996237,1.016237,NaN,NaN,NaN,NaN,NaN,NaN,NaN,NaN,NaN,NaN,NaN,NaN,NaN,NaN,NaN,NaN,NaN
1156.73202327182,18.5792397118168,1.49524430281676,0.256516466816756,0.249656551816756,0.213591564816756,0.0276732358167557,0.0147595508167557,0.00466579981675563,0.00109175181675569,0.000325025816755753,3.03878167555727e-05,4.39781675565243e-06,6.8581675560786e-07,1.16816755602045e-07,1.02816755553903e-07,1.04816755719384e-07,1.04816755719384e-07,1.04816755719384e-07,1.2816755656786e-08,1.11832443305815e-08,1.1832443913562e-09,7.18324444370921e-09,7.18324444370921e-09,7.18324444370921e-09,NaN,NaN,NaN,NaN,NaN,NaN,NaN,NaN,NaN,NaN,NaN,NaN,NaN,NaN,NaN,NaN,NaN
0.840177,0.840177,0.850177,0.850177,0.860177,0.860177,0.870177,0.870177,0.880177,0.880177,0.890177,0.890177,0.900177,0.910177,0.920177,0.940177,0.960177,0.980177,1.000177,1.010177,1.030177,1.050177,1.060177,1.080177,1.100177,1.120177,NaN,NaN,NaN,NaN,NaN,NaN,NaN,NaN,NaN,NaN,NaN,NaN,NaN,NaN,NaN,NaN
1566.21653032672,32.6623218067216,2.59853375472159,0.477981587721588,0.380161602721588,0.0667247237215878,0.022079828721588,0.00682584872158798,0.00190530572158787,0.000667378721587841,8.3448721587942e-05,1.18327215878899e-05,1.91872158783468e-06,3.27721587867202e-07,5.37215878448905e-08,4.77215877925374e-08,4.77215877925374e-08,4.77215877925374e-08,2.57215879706507e-08,1.67215878921212e-08,1.27215877832043e-08,1.27215877832043e-08,1.17215879225085e-08,4.72158778741516e-09,4.72158778741516e-09,4.72158778741516e-09,NaN,NaN,NaN,NaN,NaN,NaN,NaN,NaN,NaN,NaN,NaN,NaN,NaN,NaN,NaN,NaN
0.782487,0.782487,0.792487,0.792487,0.802487,0.802487,0.812487,0.812487,0.822487,0.822487,0.832487,0.832487,0.842487,0.852487,0.862487,0.882487,0.892487,0.912487,0.932487,0.952487,0.962487,0.982487,1.002487,NaN,NaN,NaN,NaN,NaN,NaN,NaN,NaN,NaN,NaN,NaN,NaN,NaN,NaN,NaN,NaN,NaN,NaN,NaN
1180.22839977647,20.4144255064685,1.64941807346846,0.238905085468459,0.275452358468459,0.0424072304684586,0.0179135074684587,0.00561008546845865,0.00149988446845861,0.000547070468458699,6.65294684587536e-05,6.73246845872555e-06,8.78468458642701e-07,1.36468458533656e-07,1.19468458681382e-07,1.18468458598642e-07,1.94684586229954e-08,1.94684586229954e-08,1.94684586229954e-08,1.24684587099466e-08,4.46845871415746e-09,4.46845871415746e-09,4.46845871415746e-09,NaN,NaN,NaN,NaN,NaN,NaN,NaN,NaN,NaN,NaN,NaN,NaN,NaN,NaN,NaN,NaN,NaN,NaN,NaN
0.786895,0.786895,0.796895,0.796895,0.806895,0.806895,0.816895,0.816895,0.826895,0.826895,0.836895,0.836895,0.846895,0.856895,0.876895,0.886895,0.906895,0.926895,0.936895,0.956895,0.976895,NaN,NaN,NaN,NaN,NaN,NaN,NaN,NaN,NaN,NaN,NaN,NaN,NaN,NaN,NaN,NaN,NaN,NaN,NaN,NaN,NaN
1538.85223435777,31.6482977777671,2.66266876676711,0.428948990767114,0.376876071767114,0.0591368737671145,0.0269093777671146,0.00886513776711451,0.00234147876711455,0.00085214876711448,0.000123938767114584,1.67707671145934e-05,2.43076711448076e-06,3.98767114440091e-07,6.67671145038184e-08,6.67671145038184e-08,6.47671145603823e-08,5.27671144556763e-08,7.76711450711787e-09,7.76711450711787e-09,7.76711450711787e-09,NaN,NaN,NaN,NaN,NaN,NaN,NaN,NaN,NaN,NaN,NaN,NaN,NaN,NaN,NaN,NaN,NaN,NaN,NaN,NaN,NaN
0.807073,0.807073,0.817073,0.817073,0.827073,0.827073,0.837073,0.837073,0.847073,0.847073,0.857073,0.857073,0.867073,0.877073,0.897073,0.907073,0.927073,0.957073,0.967073,0.987073,1.007073,NaN,NaN,NaN,NaN,NaN,NaN,NaN,NaN,NaN,NaN,NaN,NaN,NaN,NaN,NaN,NaN,NaN,NaN,NaN,NaN,NaN
1687.21300970536,35.2327786753568,2.94517708135676,0.514719934356756,0.417558700356756,0.0696933863567557,0.0355849913567559,0.0111778223567558,0.00278717035675569,0.00103090535675587,0.000146599356755761,2.08753567558784e-05,3.25835675574204e-06,5.40356755784899e-07,4.2735675576111e-07,6.53567557851176e-08,6.53567557851176e-08,6.53567557851176e-08,3.63567558281375e-08,3.63567558281375e-08,3.63567558281375e-08,NaN,NaN,NaN,NaN,NaN,NaN,NaN,NaN,NaN,NaN,NaN,NaN,NaN,NaN,NaN,NaN,NaN,NaN,NaN,NaN,NaN
0.780748,0.780748,0.790748,0.790748,0.800748,0.800748,0.810748,0.810748,0.820748,0.830748,0.830748,0.840748,0.840748,0.850748,0.870748,0.880748,0.900748,0.920748,0.940748,0.950748,0.970748,0.990748,1.000748,1.020748,1.040748,1.060748,1.080748,NaN,NaN,NaN,NaN,NaN,NaN,NaN,NaN,NaN,NaN,NaN,NaN,NaN,NaN,NaN
1492.1731412886,31.5473482685973,2.46432247859727,0.448519796597268,0.418155824597268,0.0546796365972677,0.0163457475972677,0.0073240035972677,0.0026181725972676,0.00084863259726764,9.82805972675749e-05,1.42195972676618e-05,2.31859726751438e-06,3.94597267527885e-07,6.75972675612257e-08,6.55972676177896e-08,6.0597267648177e-08,6.0597267648177e-08,6.0597267648177e-08,4.95972676262113e-08,4.85972675434709e-08,4.85972675434709e-08,9.59726764726554e-09,5.59726753834866e-09,5.59726753834866e-09,2.59726751217215e-09,2.59726751217215e-09,NaN,NaN,NaN,NaN,NaN,NaN,NaN,NaN,NaN,NaN,NaN,NaN,NaN,NaN,NaN
0.770287,0.770287,0.780287,0.780287,0.790287,0.790287,0.800287,0.800287,0.810287,0.810287,0.820287,0.820287,0.830287,0.840287,0.860287,0.870287,0.890287,0.920287,0.930287,0.950287,0.970287,NaN,NaN,NaN,NaN,NaN,NaN,NaN,NaN,NaN,NaN,NaN,NaN,NaN,NaN,NaN,NaN,NaN,NaN,NaN,NaN,NaN
1622.77555697706,36.687824677062,2.90938503106202,0.530392536062018,0.419785470062018,0.068573315062018,0.024776917062018,0.00811978006201786,0.00222140806201798,0.000775712062017986,0.000116347062018018,1.59630620180096e-05,2.39606201790643e-06,3.91062017879307e-07,3.85062018048998e-07,6.50620179953876e-08,6.50620179953876e-08,6.50620179953876e-08,1.10620179682996e-08,1.10620179682996e-08,1.10620179682996e-08,NaN,NaN,NaN,NaN,NaN,NaN,NaN,NaN,NaN,NaN,NaN,NaN,NaN,NaN,NaN,NaN,NaN,NaN,NaN,NaN,NaN
1.73848,1.76848,1.78848,1.79848,1.81848,1.81848,1.84848,1.84848,1.86848,1.87848,1.89848,1.90848,1.90848,1.91848,1.93848,1.95848,1.97848,1.99848,2.02848,2.03848,2.05848,2.07848,2.09848,2.11848,2.13848,2.14848,2.16848,2.17848,2.19848,2.20848,2.22848,2.23848,2.25848,2.27848,2.29848,2.31848,2.33848,2.35848,NaN,NaN,NaN,NaN
1319.93039706436,22.9272581143634,1.88224701736341,0.299431912363411,0.307817271363411,0.0797056293634106,0.0308918643634106,0.00954506736341054,0.00326262436341063,0.00130906236341066,0.000130014363410647,1.75233634105432e-05,2.89836341060834e-06,4.91363410626278e-07,8.43634107017266e-08,8.33634106189862e-08,6.63634105446675e-08,6.63634105446675e-08,6.63634105446675e-08,6.33634107405356e-08,6.13634105750549e-08,5.93634106316188e-08,5.53634107447465e-08,8.36341063070734e-09,5.36341060453083e-09,1.36341071765855e-09,4.63658933469446e-09,7.63658936087097e-09,8.63658944361134e-09,1.06365893870475e-08,1.66365894394005e-08,1.66365894394005e-08,1.66365894394005e-08,1.66365894394005e-08,8.63658944361134e-09,1.16365894697879e-08,1.76365893000963e-08,1.76365893000963e-08,NaN,NaN,NaN,NaN
1.567882,1.567882,1.577882,1.587882,1.587882,1.597882,1.597882,1.607882,1.607882,1.617882,1.627882,1.627882,1.637882,1.637882,1.647882,1.667882,1.687882,1.707882,1.717882,1.737882,1.757882,1.777882,1.797882,1.817882,1.827882,1.847882,1.877882,NaN,NaN,NaN,NaN,NaN,NaN,NaN,NaN,NaN,NaN,NaN,NaN,NaN,NaN,NaN
1560.41232862393,50.0877077439279,5.49589080892785,2.02169354892785,0.885728201927853,0.551062757927853,0.0210598189278532,0.0167137289278534,0.00743507992785331,0.00158911892785341,0.000594708927853294,8.48099278529801e-05,1.28719278533751e-05,2.25692785305043e-06,4.02927853304647e-07,4.02927853304647e-07,7.29278530897659e-08,7.29278530897659e-08,7.09278533683744e-08,6.79278531201533e-08,6.49278533160214e-08,6.49278533160214e-08,6.49278533160214e-08,6.29278531505406e-08,3.6927853219737e-08,3.6927853219737e-08,3.6927853219737e-08,NaN,NaN,NaN,NaN,NaN,NaN,NaN,NaN,NaN,NaN,NaN,NaN,NaN,NaN,NaN
0.796602,0.796602,0.806602,0.806602,0.816602,0.816602,0.826602,0.826602,0.836602,0.836602,0.846602,0.846602,0.856602,0.866602,0.876602,0.896602,0.916602,0.926602,0.946602,0.966602,0.976602,0.996602,1.016602,NaN,NaN,NaN,NaN,NaN,NaN,NaN,NaN,NaN,NaN,NaN,NaN,NaN,NaN,NaN,NaN,NaN,NaN,NaN
1576.82963648075,33.0103840707547,2.76917378475466,0.446884247754656,0.385448247754656,0.0611535247546564,0.0270755877546565,0.00872585675465642,0.00211693075465647,0.000745309754656365,9.10887546563544e-05,1.41617546562944e-05,2.36475465631436e-06,4.05754656318535e-07,6.9754656495391e-08,6.9754656495391e-08,6.9754656495391e-08,3.97546564556706e-08,1.97546563551754e-08,1.67546563289989e-08,1.57546564683031e-08,1.57546564683031e-08,1.57546564683031e-08,NaN,NaN,NaN,NaN,NaN,NaN,NaN,NaN,NaN,NaN,NaN,NaN,NaN,NaN,NaN,NaN,NaN,NaN,NaN
0.841402,0.841402,0.851402,0.851402,0.861402,0.861402,0.871402,0.871402,0.881402,0.881402,0.891402,0.891402,0.891402,0.901402,0.911402,0.931402,0.951402,0.971402,0.991402,1.001402,1.011402,1.031402,1.041402,1.061402,1.071402,1.101402,1.111402,NaN,NaN,NaN,NaN,NaN,NaN,NaN,NaN,NaN,NaN,NaN,NaN,NaN,NaN,NaN
1303.80653913908,23.6999638090813,1.92027700008132,0.311653665081324,0.334195100081323,0.0466398150813234,0.0188575120813235,0.00738292208132352,0.00234971908132353,0.000905036081323418,0.000125565081323442,1.50700813235094e-05,1.9640813233579e-06,2.96081323458708e-07,4.80813233671995e-08,6.0813234448176e-09,6.0813234448176e-09,5.08132336207723e-09,5.08132336207723e-09,1.08132347520495e-09,2.08132333590072e-09,4.08132350138146e-09,6.0813234448176e-09,6.0813234448176e-09,1.00813233316899e-08,1.00813233316899e-08,1.00813233316899e-08,NaN,NaN,NaN,NaN,NaN,NaN,NaN,NaN,NaN,NaN,NaN,NaN,NaN,NaN,NaN
1.196769,1.196769,1.206769,1.206769,1.216769,1.216769,1.226769,1.226769,1.236769,1.236769,1.246769,1.246769,1.256769,1.256769,1.266769,1.276769,1.296769,1.316769,1.336769,1.356769,1.376769,1.396769,NaN,NaN,NaN,NaN,NaN,NaN,NaN,NaN,NaN,NaN,NaN,NaN,NaN,NaN,NaN,NaN,NaN,NaN,NaN,NaN
1606.76946165882,53.704229678821,5.93550559782099,2.21439489562099,1.16226516782099,0.928769672820987,0.139919327820987,0.0183047538209871,0.0129291788209871,0.004434879820987,0.00120286482098697,0.00027394382098711,4.23528209871904e-05,6.34082098738276e-06,1.09182098695371e-06,1.95820986981232e-07,3.78209872309299e-08,3.78209872309299e-08,3.78209872309299e-08,3.38209873440576e-08,3.38209873440576e-08,3.38209873440576e-08,NaN,NaN,NaN,NaN,NaN,NaN,NaN,NaN,NaN,NaN,NaN,NaN,NaN,NaN,NaN,NaN,NaN,NaN,NaN,NaN
0.790716,0.790716,0.800716,0.800716,0.810716,0.810716,0.810716,0.820716,0.820716,0.830716,0.830716,0.840716,0.850716,0.860716,0.880716,0.890716,0.910716,0.930716,0.950716,NaN,NaN,NaN,NaN,NaN,NaN,NaN,NaN,NaN,NaN,NaN,NaN,NaN,NaN,NaN,NaN,NaN,NaN,NaN,NaN,NaN,NaN,NaN
1651.75996837418,40.6204414241813,3.03099597018131,0.623827169181307,0.469999239181307,0.0710788931813071,0.017406021181307,0.00636794918130712,0.00186055318130696,0.000537767181307158,8.27151813069804e-05,1.15301813070623e-05,1.7111813070958e-06,2.85181307013715e-07,2.82181306987539e-07,2.70181307104878e-07,4.41813070573005e-08,4.41813070573005e-08,4.41813070573005e-08,NaN,NaN,NaN,NaN,NaN,NaN,NaN,NaN,NaN,NaN,NaN,NaN,NaN,NaN,NaN,NaN,NaN,NaN,NaN,NaN,NaN,NaN,NaN
0.797007,0.797007,0.807007,0.807007,0.817007,0.817007,0.827007,0.827007,0.837007,0.837007,0.847007,0.847007,0.857007,0.857007,0.867007,0.887007,0.907007,0.927007,0.947007,0.957007,0.977007,0.987007,1.007007,1.017007,1.037007,1.057007,NaN,NaN,NaN,NaN,NaN,NaN,NaN,NaN,NaN,NaN,NaN,NaN,NaN,NaN,NaN,NaN
1647.81672981535,36.3228428553534,2.87484702135343,0.591778708353433,0.560901264353433,0.357903039353433,0.0546632483534335,0.0259597783534333,0.00720471635343345,0.00224888235343346,0.000552945353433421,8.15903534334694e-05,1.36413534335134e-05,2.33635343338534e-06,4.01353433376883e-07,3.98353433350707e-07,3.98353433350707e-07,3.98353433350707e-07,6.13534334448218e-08,5.93534335013857e-08,4.43534333705031e-08,3.73534334574543e-08,3.43534334312778e-08,1.13534333046061e-08,1.13534333046061e-08,1.13534333046061e-08,NaN,NaN,NaN,NaN,NaN,NaN,NaN,NaN,NaN,NaN,NaN,NaN,NaN,NaN,NaN,NaN
0.795044,0.795044,0.805044,0.805044,0.815044,0.815044,0.825044,0.825044,0.835044,0.835044,0.845044,0.845044,0.855044,0.865044,0.875044,0.895044,0.915044,0.935044,0.955044,0.975044,NaN,NaN,NaN,NaN,NaN,NaN,NaN,NaN,NaN,NaN,NaN,NaN,NaN,NaN,NaN,NaN,NaN,NaN,NaN,NaN,NaN,NaN
1275.99916275162,24.566957601617,1.88626348861699,0.32642512361699,0.31675411861699,0.0485766126169904,0.0175594986169905,0.00590939661699053,0.00162958961699045,0.000557190616990555,8.2663616990386e-05,9.87261699059161e-06,1.21861699042825e-06,1.89616990553532e-07,2.9616990415704e-08,2.9616990415704e-08,2.9616990415704e-08,1.61699054146425e-09,1.61699054146425e-09,1.61699054146425e-09,NaN,NaN,NaN,NaN,NaN,NaN,NaN,NaN,NaN,NaN,NaN,NaN,NaN,NaN,NaN,NaN,NaN,NaN,NaN,NaN,NaN,NaN
0.731217,0.731217,0.741217,0.741217,0.741217,0.751217,0.751217,0.761217,0.761217,0.771217,0.771217,0.781217,0.781217,0.791217,0.801217,0.811217,0.831217,0.851217,0.871217,NaN,NaN,NaN,NaN,NaN,NaN,NaN,NaN,NaN,NaN,NaN,NaN,NaN,NaN,NaN,NaN,NaN,NaN,NaN,NaN,NaN,NaN,NaN
1545.2452233546,51.0799800046034,5.58456636060343,2.08646848020343,1.10643244360343,0.892357950603431,0.130520917603431,0.017092784603431,0.0122445336034311,0.00449046960343091,0.00103419260343118,0.000233317603430816,3.38506034309738e-05,5.18660343118427e-06,9.06603430994579e-07,1.64603430885535e-07,3.16034309832958e-08,3.16034309832958e-08,3.16034309832958e-08,NaN,NaN,NaN,NaN,NaN,NaN,NaN,NaN,NaN,NaN,NaN,NaN,NaN,NaN,NaN,NaN,NaN,NaN,NaN,NaN,NaN,NaN,NaN
1.567334,1.577334,1.577334,1.587334,1.597334,1.597334,1.607334,1.607334,1.617334,1.617334,1.627334,1.627334,1.637334,1.647334,1.657334,1.677334,1.697334,1.717334,1.727334,1.747334,1.757334,1.777334,1.797334,1.827334,NaN,NaN,NaN,NaN,NaN,NaN,NaN,NaN,NaN,NaN,NaN,NaN,NaN,NaN,NaN,NaN,NaN,NaN
1631.8201124597,34.1682335197025,2.99244129670247,0.459097175702466,0.404814171702466,0.0621438277024655,0.0305466427024654,0.0105548367024655,0.00259896870246545,0.000923296702465493,0.000116712702465493,1.74817024656271e-05,2.85670246547021e-06,4.77702465584429e-07,8.37024656252794e-08,8.37024656252794e-08,8.37024656252794e-08,8.17024654597986e-08,9.70246549769627e-09,9.70246549769627e-09,2.70246558464748e-09,3.29753446770553e-09,3.29753446770553e-09,3.29753446770553e-09,NaN,NaN,NaN,NaN,NaN,NaN,NaN,NaN,NaN,NaN,NaN,NaN,NaN,NaN,NaN,NaN,NaN,NaN
1.711532,1.711532,1.721532,1.721532,1.731532,1.741532,1.741532,1.751532,1.751532,1.761532,1.771532,1.771532,1.781532,1.791532,1.811532,1.831532,1.851532,1.871532,NaN,NaN,NaN,NaN,NaN,NaN,NaN,NaN,NaN,NaN,NaN,NaN,NaN,NaN,NaN,NaN,NaN,NaN,NaN,NaN,NaN,NaN,NaN,NaN
1265.78366161468,22.9548538746805,1.88684466568049,0.286825645680488,0.287357169680488,0.0483463376804878,0.0185017766804878,0.00570347068048793,0.00164867768048782,0.000618895680487785,9.54616804877961e-05,1.28256804878824e-05,1.4596804878142e-06,2.13680487970436e-07,3.46804878148532e-08,2.68048783169661e-09,2.68048783169661e-09,2.68048783169661e-09,NaN,NaN,NaN,NaN,NaN,NaN,NaN,NaN,NaN,NaN,NaN,NaN,NaN,NaN,NaN,NaN,NaN,NaN,NaN,NaN,NaN,NaN,NaN,NaN
1.185065,1.185065,1.195065,1.195065,1.205065,1.205065,1.205065,1.215065,1.215065,1.225065,1.225065,1.235065,1.235065,1.245065,1.255065,1.265065,1.285065,1.305065,1.315065,1.335065,1.355065,1.375065,1.395065,NaN,NaN,NaN,NaN,NaN,NaN,NaN,NaN,NaN,NaN,NaN,NaN,NaN,NaN,NaN,NaN,NaN,NaN,NaN
1610.04742288212,50.7929019821177,5.62900568411773,2.07022806671773,0.798426424117733,0.460070368117733,0.0271279021177331,0.0198749631177333,0.00771974011773313,0.0015960671177333,0.000394556117733202,6.58431177331664e-05,9.83111773322776e-06,1.57411773304972e-06,2.77117733205046e-07,5.51177330443409e-08,5.51177330443409e-08,5.51177330443409e-08,9.11773323508669e-09,9.11773323508669e-09,5.11773334821441e-09,5.11773334821441e-09,5.11773334821441e-09,NaN,NaN,NaN,NaN,NaN,NaN,NaN,NaN,NaN,NaN,NaN,NaN,NaN,NaN,NaN,NaN,NaN,NaN,NaN
0.774209,0.774209,0.784209,0.784209,0.784209,0.794209,0.794209,0.804209,0.804209,0.814209,0.814209,0.824209,0.824209,0.824209,0.844209,0.854209,0.874209,0.894209,0.904209,0.924209,0.934209,0.954209,0.964209,0.984209,0.994209,1.014209,1.034209,1.054209,NaN,NaN,NaN,NaN,NaN,NaN,NaN,NaN,NaN,NaN,NaN,NaN,NaN,NaN
1197.48803895622,31.4230579062244,3.92441030022444,1.59694071922444,0.534687480224445,0.371766430224445,0.0221326902244443,0.0158592862244444,0.00620713922444427,0.00119404822444436,0.000292615224444237,3.48862244443637e-05,5.32622444460173e-06,9.25224444170425e-07,1.69224444235283e-07,9.92244442166168e-08,9.62244444124849e-08,9.62244444124849e-08,9.62244444124849e-08,9.62244444124849e-08,9.72244444952253e-08,8.82244441946511e-08,8.1224444503647e-08,7.72244441726855e-08,7.42244443685536e-08,1.12244444849807e-08,1.12244444849807e-08,1.12244444849807e-08,NaN,NaN,NaN,NaN,NaN,NaN,NaN,NaN,NaN,NaN,NaN,NaN,NaN,NaN
0.7626,0.7626,0.7726,0.7726,0.7826,0.7826,0.7926,0.7926,0.8026,0.8026,0.8126,0.8126,0.8226,0.8226,0.8426,0.8526,0.8726,0.8926,0.9026,NaN,NaN,NaN,NaN,NaN,NaN,NaN,NaN,NaN,NaN,NaN,NaN,NaN,NaN,NaN,NaN,NaN,NaN,NaN,NaN,NaN,NaN,NaN
1543.16797133634,50.5563530563423,5.54106451134227,2.06302919864227,1.00231915234227,0.78466723034227,0.10565914034227,0.0145585973422699,0.00902812634226979,0.00250241534226969,0.000872561342269762,0.000152586342269778,2.49283422699698e-05,3.59134226979307e-06,5.99342270035663e-07,1.07342269739519e-07,1.93422700078827e-08,1.93422700078827e-08,1.93422700078827e-08,NaN,NaN,NaN,NaN,NaN,NaN,NaN,NaN,NaN,NaN,NaN,NaN,NaN,NaN,NaN,NaN,NaN,NaN,NaN,NaN,NaN,NaN,NaN
0.817859,0.817859,0.827859,0.827859,0.827859,0.837859,0.837859,0.847859,0.847859,0.857859,0.857859,0.857859,0.867859,0.877859,0.897859,0.907859,0.927859,0.947859,0.967859,0.987859,0.997859,1.007859,1.027859,1.047859,NaN,NaN,NaN,NaN,NaN,NaN,NaN,NaN,NaN,NaN,NaN,NaN,NaN,NaN,NaN,NaN,NaN,NaN
1137.11354420413,19.789672364134,1.611207590134,0.203715701133998,0.259699548133998,0.0377446191339978,0.0163421201339977,0.00519256713399785,0.0012423801339978,0.000424145133997689,3.57181339978307e-05,3.98813399771214e-06,5.93133997695006e-07,9.71339977340335e-08,7.31339977466661e-08,8.13399769761247e-09,8.13399769761247e-09,8.13399769761247e-09,8.13399769761247e-09,2.13399764525946e-09,1.33997701823318e-10,1.13399778456369e-09,1.13399778456369e-09,1.13399778456369e-09,NaN,NaN,NaN,NaN,NaN,NaN,NaN,NaN,NaN,NaN,NaN,NaN,NaN,NaN,NaN,NaN,NaN,NaN
0.721136,0.721136,0.731136,0.731136,0.741136,0.741136,0.741136,0.751136,0.751136,0.761136,0.761136,0.771136,0.771136,0.781136,0.801136,0.811136,0.831136,0.851136,0.861136,0.881136,0.901136,0.921136,0.941136,0.951136,NaN,NaN,NaN,NaN,NaN,NaN,NaN,NaN,NaN,NaN,NaN,NaN,NaN,NaN,NaN,NaN,NaN,NaN
1522.15425214689,31.2037861968949,2.50696852489486,0.441142129894865,0.379738769894865,0.0612018388948652,0.0266080028948652,0.00854787889486519,0.00228666889486528,0.000847686894865252,0.000133089894865268,1.93378948651901e-05,2.62789486527026e-06,3.99894865221739e-07,6.58948651199864e-08,6.18948652331142e-08,3.28948652761341e-08,3.28948652761341e-08,3.18948651933937e-08,3.18948651933937e-08,3.18948651933937e-08,2.38948651976045e-08,2.38948651976045e-08,2.38948651976045e-08,NaN,NaN,NaN,NaN,NaN,NaN,NaN,NaN,NaN,NaN,NaN,NaN,NaN,NaN,NaN,NaN,NaN,NaN
0.853969,0.853969,0.863969,0.863969,0.873969,0.873969,0.883969,0.883969,0.893969,0.893969,0.903969,0.903969,0.913969,0.923969,0.943969,0.953969,0.973969,0.993969,1.013969,1.023969,1.033969,1.053969,1.073969,1.093969,NaN,NaN,NaN,NaN,NaN,NaN,NaN,NaN,NaN,NaN,NaN,NaN,NaN,NaN,NaN,NaN,NaN,NaN
1261.30744482199,22.8957723119859,1.96142397998594,0.271675888985937,0.287792944985937,0.0598502639859371,0.0300486669859372,0.0115208499859372,0.00307701898593704,0.00102202998593715,0.000101630985937184,1.30219859371117e-05,2.06198593710738e-06,3.49985937120323e-07,6.29859371326091e-08,6.29859371326091e-08,6.29859371326091e-08,4.79859372237712e-08,4.8985937084467e-08,1.09859370489573e-08,2.98593705316819e-09,2.98593705316819e-09,2.98593705316819e-09,2.98593705316819e-09,NaN,NaN,NaN,NaN,NaN,NaN,NaN,NaN,NaN,NaN,NaN,NaN,NaN,NaN,NaN,NaN,NaN,NaN
0.798751,0.798751,0.808751,0.808751,0.818751,0.818751,0.828751,0.828751,0.838751,0.838751,0.848751,0.848751,0.858751,0.868751,0.878751,0.898751,0.918751,0.928751,0.948751,0.968751,0.978751,0.998751,1.018751,1.038751,NaN,NaN,NaN,NaN,NaN,NaN,NaN,NaN,NaN,NaN,NaN,NaN,NaN,NaN,NaN,NaN,NaN,NaN
1166.06294885246,18.6942349324576,1.65425692445763,0.187920579457627,0.247205627457627,0.0356698834576268,0.0161852844576267,0.00726711845762673,0.00174228845762658,0.000638852457626626,6.69244576267936e-05,6.35945762672563e-06,9.14457626732812e-07,1.41457626723351e-07,7.94576267004743e-08,1.14576266252442e-08,1.14576266252442e-08,8.45762659906768e-09,8.45762659906768e-09,4.45762671219541e-09,1.15423732793829e-08,1.85423734144763e-08,1.85423734144763e-08,1.85423734144763e-08,NaN,NaN,NaN,NaN,NaN,NaN,NaN,NaN,NaN,NaN,NaN,NaN,NaN,NaN,NaN,NaN,NaN,NaN
1.653157,1.653157,1.663157,1.663157,1.673157,1.683157,1.683157,1.693157,1.693157,1.703157,1.703157,1.713157,1.723157,1.723157,1.743157,1.753157,1.773157,1.803157,1.833157,NaN,NaN,NaN,NaN,NaN,NaN,NaN,NaN,NaN,NaN,NaN,NaN,NaN,NaN,NaN,NaN,NaN,NaN,NaN,NaN,NaN,NaN,NaN
1536.89585932813,49.9354522381293,5.51604346612927,2.09107438542927,1.04301959012927,0.85033257912927,0.138467919129269,0.0182149641292697,0.0128384431292696,0.00441799112926988,0.00121862912926973,0.000289135129269535,5.18681292698275e-05,8.22212926987476e-06,1.19812926957508e-06,1.99129269518039e-07,3.51292697153838e-08,3.51292697153838e-08,3.51292697153838e-08,NaN,NaN,NaN,NaN,NaN,NaN,NaN,NaN,NaN,NaN,NaN,NaN,NaN,NaN,NaN,NaN,NaN,NaN,NaN,NaN,NaN,NaN,NaN
0.78059,0.78059,0.79059,0.79059,0.80059,0.80059,0.81059,0.81059,0.82059,0.82059,0.83059,0.83059,0.84059,0.85059,0.86059,0.88059,0.89059,0.91059,0.93059,0.94059,0.96059,0.98059,1.00059,1.02059,1.04059,1.06059,1.07059,1.09059,1.11059,1.12059,1.14059,1.16059,1.18059,NaN,NaN,NaN,NaN,NaN,NaN,NaN,NaN,NaN
1149.09104759474,21.1765290847407,1.67691477574069,0.239236368740692,0.284936556740691,0.0393084957406915,0.0114872827406916,0.00416223174069152,0.00102392974069154,0.000304074740691496,2.94137406915418e-05,3.05974069148007e-06,4.22740691341517e-07,2.44740691490719e-07,3.17406914085439e-08,3.07406915478481e-08,3.07406915478481e-08,2.47406914954951e-08,1.67406914997059e-08,1.47406913342252e-08,1.07406914473529e-08,1.07406914473529e-08,7.74069142117639e-09,5.74069147774026e-09,7.40691508127611e-10,1.25930865735313e-09,7.40691508127611e-10,8.25930857040191e-09,8.25930857040191e-09,7.40691508127611e-10,2.5930857461276e-10,2.5930857461276e-10,2.5930857461276e-10,NaN,NaN,NaN,NaN,NaN,NaN,NaN,NaN,NaN
0.847247,0.847247,0.857247,0.857247,0.867247,0.867247,0.877247,0.877247,0.877247,0.887247,0.887247,0.897247,0.897247,0.917247,0.927247,0.947247,0.967247,0.977247,0.997247,1.017247,1.027247,1.047247,1.067247,1.087247,1.107247,1.127247,NaN,NaN,NaN,NaN,NaN,NaN,NaN,NaN,NaN,NaN,NaN,NaN,NaN,NaN,NaN,NaN
1164.80453597905,19.7055712990477,1.62402389004772,0.226778594047722,0.279382336047722,0.0381522160477219,0.0144700440477219,0.00505873404772195,0.00140293504772182,0.000479242047721984,4.51360477218277e-05,4.83004772200424e-06,6.89047721991187e-07,1.13047721850279e-07,1.0504772185449e-07,1.70477219008092e-08,1.70477219008092e-08,1.60477218180688e-08,1.60477218180688e-08,6.0477218788435e-09,1.04772190923086e-09,1.09522781954752e-08,1.09522781954752e-08,1.09522781954752e-08,2.59522781043131e-08,2.59522781043131e-08,NaN,NaN,NaN,NaN,NaN,NaN,NaN,NaN,NaN,NaN,NaN,NaN,NaN,NaN,NaN,NaN
3.80356,3.80356,3.81356,3.81356,3.82356,3.82356,3.82356,3.83356,3.83356,3.84356,3.84356,3.85356,3.85356,3.86356,3.87356,3.88356,3.90356,3.91356,3.93356,3.94356,3.96356,3.99356,NaN,NaN,NaN,NaN,NaN,NaN,NaN,NaN,NaN,NaN,NaN,NaN,NaN,NaN,NaN,NaN,NaN,NaN,NaN,NaN
1528.49443542444,47.0308119644367,4.79727137443665,2.37649542683665,2.05217983025665,1.19358804283665,0.825299248436647,0.0980283744366472,0.0208681734366474,0.0111557524366472,0.00213437843664721,0.000380339436647503,7.11644366471198e-05,1.35124366473782e-05,2.57243664725237e-06,1.53243664735569e-06,2.42436647202027e-07,2.41436647119286e-07,1.84366473199304e-08,4.43664749383288e-09,4.43664749383288e-09,4.43664749383288e-09,NaN,NaN,NaN,NaN,NaN,NaN,NaN,NaN,NaN,NaN,NaN,NaN,NaN,NaN,NaN,NaN,NaN,NaN,NaN,NaN
0.85047,0.85047,0.86047,0.86047,0.87047,0.87047,0.87047,0.88047,0.88047,0.89047,0.89047,0.90047,0.90047,0.91047,0.93047,0.95047,0.97047,0.99047,1.00047,1.02047,1.04047,1.05047,1.07047,1.09047,1.11047,NaN,NaN,NaN,NaN,NaN,NaN,NaN,NaN,NaN,NaN,NaN,NaN,NaN,NaN,NaN,NaN,NaN
1599.24326266171,34.0085758717066,2.67330353170657,0.498825373706566,0.393343163706566,0.0669794437065656,0.0249994687065656,0.0078043237065657,0.00218728770656562,0.000790300706565494,0.000115208706565673,1.55277065656545e-05,2.31970656550118e-06,3.87706565518897e-07,6.47065656611545e-08,6.47065656611545e-08,6.1706565634978e-08,6.1706565634978e-08,5.87065656088015e-08,5.67065656653654e-08,5.67065656653654e-08,1.47065655209389e-08,1.27065655775027e-08,1.27065655775027e-08,1.27065655775027e-08,NaN,NaN,NaN,NaN,NaN,NaN,NaN,NaN,NaN,NaN,NaN,NaN,NaN,NaN,NaN,NaN,NaN
0.914346,0.914346,0.924346,0.924346,0.934346,0.934346,0.944346,0.944346,0.954346,0.954346,0.964346,0.964346,0.974346,0.984346,0.994346,1.014346,1.034346,1.054346,1.074346,1.094346,1.104346,NaN,NaN,NaN,NaN,NaN,NaN,NaN,NaN,NaN,NaN,NaN,NaN,NaN,NaN,NaN,NaN,NaN,NaN,NaN,NaN,NaN
1609.26692881035,36.581451040353,2.78796729135304,0.542397371353036,0.411792956353036,0.0673384543530358,0.0214839103530358,0.00715256735303593,0.00211532735303588,0.000699491353035819,9.72963530359028e-05,1.35153530358423e-05,2.10935303579518e-06,3.51353035776825e-07,2.0635303576988e-07,2.0635303576988e-07,3.53530358321308e-08,3.53530358321308e-08,2.93530357797778e-08,2.93530357797778e-08,2.93530357797778e-08,NaN,NaN,NaN,NaN,NaN,NaN,NaN,NaN,NaN,NaN,NaN,NaN,NaN,NaN,NaN,NaN,NaN,NaN,NaN,NaN,NaN
1.198952,1.198952,1.208952,1.208952,1.218952,1.218952,1.228952,1.228952,1.238952,1.238952,1.248952,1.248952,1.258952,1.268952,1.278952,1.298952,1.318952,1.338952,1.358952,1.378952,1.388952,1.408952,1.428952,NaN,NaN,NaN,NaN,NaN,NaN,NaN,NaN,NaN,NaN,NaN,NaN,NaN,NaN,NaN,NaN,NaN,NaN,NaN
1638.966831813,37.7784238830045,2.85497552000446,0.550151399004463,0.401874325004463,0.0695723620044626,0.0221384170044625,0.00718121800446259,0.00220712400446255,0.000746542004462558,0.000118051004462494,1.72270044624945e-05,2.46300446260506e-06,3.90004462502702e-07,3.49004462663061e-07,5.90044626491704e-08,5.90044626491704e-08,5.10044626533812e-08,5.10044626533812e-08,5.10044626533812e-08,1.00446251316555e-09,1.00446251316555e-09,1.00446251316555e-09,NaN,NaN,NaN,NaN,NaN,NaN,NaN,NaN,NaN,NaN,NaN,NaN,NaN,NaN,NaN,NaN,NaN,NaN,NaN
0.775597,0.775597,0.785597,0.785597,0.795597,0.795597,0.795597,0.805597,0.805597,0.815597,0.815597,0.825597,0.825597,0.835597,0.855597,0.865597,0.885597,0.905597,0.915597,0.935597,0.955597,NaN,NaN,NaN,NaN,NaN,NaN,NaN,NaN,NaN,NaN,NaN,NaN,NaN,NaN,NaN,NaN,NaN,NaN,NaN,NaN,NaN
1502.16671913057,30.0606653305705,2.46416598157048,0.422203515570485,0.364440165570485,0.0601025835704847,0.0254377545704847,0.00795481257048469,0.00212476557048458,0.000785270570484498,0.00011990557048458,1.6773570484574e-05,2.30557048452873e-06,3.52570484585257e-07,5.95704845451905e-08,1.05704847097599e-08,1.05704847097599e-08,1.05704847097599e-08,3.57048457466647e-09,3.57048457466647e-09,3.57048457466647e-09,NaN,NaN,NaN,NaN,NaN,NaN,NaN,NaN,NaN,NaN,NaN,NaN,NaN,NaN,NaN,NaN,NaN,NaN,NaN,NaN,NaN
0.791526,0.791526,0.801526,0.801526,0.811526,0.821526,0.821526,0.831526,0.831526,0.841526,0.841526,0.851526,0.851526,0.871526,0.881526,0.901526,0.921526,0.931526,0.951526,0.971526,0.991526,1.011526,NaN,NaN,NaN,NaN,NaN,NaN,NaN,NaN,NaN,NaN,NaN,NaN,NaN,NaN,NaN,NaN,NaN,NaN,NaN,NaN
1652.38402867356,39.316587953556,3.06841952955603,0.58775021755603,0.44717026055603,0.0695725515560301,0.0184906765560302,0.00662197655603003,0.00190468155603019,0.000578237556030148,8.48825560302302e-05,1.16255560300704e-05,1.81855603020864e-06,3.01556030146699e-07,5.15560301117546e-08,5.15560301117546e-08,4.95560301683184e-08,1.15560301328088e-08,1.15560301328088e-08,1.15560301328088e-08,1.15560301328088e-08,1.15560301328088e-08,NaN,NaN,NaN,NaN,NaN,NaN,NaN,NaN,NaN,NaN,NaN,NaN,NaN,NaN,NaN,NaN,NaN,NaN,NaN,NaN
2.437342,2.437342,2.447342,2.447342,2.457342,2.457342,2.467342,2.467342,2.477342,2.477342,2.487342,2.487342,2.497342,2.507342,2.517342,2.537342,2.567342,2.587342,2.607342,2.627342,2.647342,2.667342,2.687342,2.707342,2.727342,2.757342,NaN,NaN,NaN,NaN,NaN,NaN,NaN,NaN,NaN,NaN,NaN,NaN,NaN,NaN,NaN,NaN
1527.78977719582,30.7026531158187,2.59364326081866,0.401764787818656,0.377596673818656,0.0527539858186559,0.019682247818656,0.00859625781865603,0.00306364881865595,0.001189586818656,0.00016462081865587,2.15638186560341e-05,3.19381865598878e-06,5.25818655949806e-07,3.05818655954582e-07,4.88186560065884e-08,4.88186560065884e-08,4.88186560065884e-08,4.7818655923848e-08,4.28186559542354e-08,4.38186560369758e-08,3.28186560150101e-08,3.28186560150101e-08,1.81865589254926e-09,1.81865589254926e-09,1.81865589254926e-09,NaN,NaN,NaN,NaN,NaN,NaN,NaN,NaN,NaN,NaN,NaN,NaN,NaN,NaN,NaN,NaN
2.123401,2.123401,2.133401,2.143401,2.143401,2.153401,2.153401,2.163401,2.173401,2.173401,2.183401,2.193401,2.193401,2.213401,2.233401,2.253401,2.273401,2.293401,2.303401,2.323401,2.343401,2.363401,2.423401,2.463401,2.503401,2.533401,NaN,NaN,NaN,NaN,NaN,NaN,NaN,NaN,NaN,NaN,NaN,NaN,NaN,NaN,NaN,NaN
1315.99441476313,25.296434903133,2.11686724713299,0.309519448132988,0.326966551132988,0.0461653141329876,0.0189064561329877,0.00691590513298768,0.00186847613298768,0.00065425513298778,6.99261329877299e-05,8.99613298765978e-06,1.41613298776377e-06,2.37132987690458e-07,1.89132987715723e-07,2.81329877171999e-08,2.81329877171999e-08,2.81329877171999e-08,2.61329877737637e-08,2.11329878041511e-08,2.11329878041511e-08,2.11329878041511e-08,2.11329878041511e-08,8.13298783874927e-09,8.13298783874927e-09,8.13298783874927e-09,NaN,NaN,NaN,NaN,NaN,NaN,NaN,NaN,NaN,NaN,NaN,NaN,NaN,NaN,NaN,NaN
0.787534,0.787534,0.797534,0.797534,0.807534,0.807534,0.817534,0.817534,0.827534,0.827534,0.837534,0.837534,0.847534,0.847534,0.857534,0.877534,0.897534,0.907534,0.927534,0.957534,0.967534,0.987534,1.007534,NaN,NaN,NaN,NaN,NaN,NaN,NaN,NaN,NaN,NaN,NaN,NaN,NaN,NaN,NaN,NaN,NaN,NaN,NaN
1280.69108212024,24.1390195102357,1.86746283423569,0.317013877235692,0.302724594235692,0.0514767632356918,0.0185304242356918,0.0056608872356918,0.00163433023569182,0.000593325235691999,8.2626235691885e-05,9.68823569191812e-06,1.22623569187574e-06,1.90235691865936e-07,3.02356919501534e-08,2.9235691867413e-08,1.52356918192709e-08,1.52356918192709e-08,1.42356919585751e-08,1.42356919585751e-08,4.76430805917971e-09,4.76430805917971e-09,4.76430805917971e-09,NaN,NaN,NaN,NaN,NaN,NaN,NaN,NaN,NaN,NaN,NaN,NaN,NaN,NaN,NaN,NaN,NaN,NaN,NaN
0.771352,0.771352,0.781352,0.781352,0.791352,0.791352,0.801352,0.801352,0.811352,0.811352,0.821352,0.821352,0.831352,0.841352,0.851352,0.871352,0.891352,0.911352,0.931352,0.941352,0.961352,0.981352,0.991352,1.011352,1.021352,1.041352,1.061352,1.081352,1.101352,1.111352,1.131352,1.151352,1.161352,1.181352,1.201352,1.221352,1.231352,1.251352,1.261352,1.281352,1.301352,1.311352
1557.44239333209,30.3521158120855,2.66285526308548,0.431519757085481,0.412693238085481,0.200189222085481,0.0301469250854809,0.018543723085481,0.00594068708548101,0.00126344308548099,0.000315640085480906,4.33510854809249e-05,7.16908548104023e-06,1.21808548092517e-06,2.12085480955082e-07,1.6908548094996e-07,1.68085480867219e-07,1.68085480867219e-07,1.68085480867219e-07,9.30854808789405e-08,9.00854810748086e-08,8.60854809658917e-08,8.20854808569749e-08,8.30854809397152e-08,6.40854809219604e-08,4.90854810131225e-08,4.90854810131225e-08,4.80854809303821e-08,4.80854809303821e-08,3.60854810477207e-08,3.50854809649803e-08,3.10854808560634e-08,2.30854808602743e-08,2.10854809168382e-08,2.10854809168382e-08,2.10854809168382e-08,1.70854810299659e-08,1.70854810299659e-08,1.20854810603532e-08,8.08548095143635e-09,8.08548095143635e-09,8.08548095143635e-09
0.739268,0.739268,0.749268,0.749268,0.759268,0.759268,0.759268,0.769268,0.769268,0.779268,0.779268,0.789268,0.789268,0.799268,0.809268,0.819268,0.839268,0.849268,0.869268,0.889268,0.899268,0.919268,0.929268,0.949268,0.969268,NaN,NaN,NaN,NaN,NaN,NaN,NaN,NaN,NaN,NaN,NaN,NaN,NaN,NaN,NaN,NaN,NaN
1153.15515462035,30.8487635203502,3.86824272235021,1.59598863665021,0.402471286350211,0.232133802350211,0.0316860623502113,0.0173615203502115,0.0052993753502113,0.00161550135021127,0.000426307350211541,4.63413502114207e-05,6.894350211617e-06,1.21635021121946e-06,2.20350211410647e-07,1.27350211265309e-07,1.27350211265309e-07,1.2935021143079e-07,1.2935021143079e-07,1.19350211491565e-07,1.16350211243343e-07,1.16350211243343e-07,1.23502115201291e-08,1.23502115201291e-08,1.23502115201291e-08,NaN,NaN,NaN,NaN,NaN,NaN,NaN,NaN,NaN,NaN,NaN,NaN,NaN,NaN,NaN,NaN,NaN
0.77844,0.77844,0.78844,0.78844,0.79844,0.79844,0.79844,0.80844,0.80844,0.81844,0.81844,0.82844,0.82844,0.83844,0.84844,0.86844,0.87844,0.89844,0.91844,0.93844,0.94844,0.96844,0.97844,0.98844,1.00844,1.02844,1.04844,1.06844,NaN,NaN,NaN,NaN,NaN,NaN,NaN,NaN,NaN,NaN,NaN,NaN,NaN,NaN
1228.12374089849,33.1400108484905,3.97538726249051,1.56738012039051,0.35257765049051,0.21678196149051,0.0185285904905093,0.0105587254905095,0.00276766349050961,0.00104384949050962,0.000145911490509576,1.85804905092901e-05,2.97149050920709e-06,5.10490509419981e-07,9.64905093603363e-08,8.94905092252429e-08,8.84905095865918e-08,8.74905095038514e-08,8.74905095038514e-08,8.74905095038514e-08,1.54905093197044e-08,4.9050941086648e-10,5.09490671873891e-10,1.50949075461426e-09,1.50949075461426e-09,1.50949075461426e-09,5.50949064148654e-09,5.50949064148654e-09,NaN,NaN,NaN,NaN,NaN,NaN,NaN,NaN,NaN,NaN,NaN,NaN,NaN,NaN
1.117249,1.137249,1.147249,1.157249,1.167249,1.167249,1.187249,1.197249,1.207249,1.217249,1.217249,1.227249,1.287249,1.307249,1.327249,1.367249,1.397249,1.417249,1.437249,1.467249,1.507249,1.537249,1.577249,1.637249,1.647249,1.667249,1.687249,1.697249,1.717249,1.747249,NaN,NaN,NaN,NaN,NaN,NaN,NaN,NaN,NaN,NaN,NaN,NaN
1519.75858603277,49.6487644627676,5.54323656976762,2.12499326746762,0.998053533767616,0.744767015767616,0.0602467577676165,0.0267033037676163,0.0128927457676165,0.00345198176761619,0.00119818976761632,0.000353877767616417,4.66377676162644e-05,7.67376761645622e-06,1.35776761611694e-06,2.50767616449821e-07,2.4976761636708e-07,2.4876761628434e-07,4.57676163634346e-08,4.57676163634346e-08,4.27676161152135e-08,4.27676161152135e-08,4.17676164765624e-08,4.17676164765624e-08,3.07676164545967e-08,2.97676163718563e-08,2.77676162063756e-08,2.37676163195033e-08,2.37676163195033e-08,2.37676163195033e-08,NaN,NaN,NaN,NaN,NaN,NaN,NaN,NaN,NaN,NaN,NaN,NaN
0.775327,0.775327,0.785327,0.785327,0.785327,0.795327,0.795327,0.805327,0.805327,0.815327,0.815327,0.825327,0.825327,0.825327,0.845327,0.855327,0.865327,0.885327,0.905327,NaN,NaN,NaN,NaN,NaN,NaN,NaN,NaN,NaN,NaN,NaN,NaN,NaN,NaN,NaN,NaN,NaN,NaN,NaN,NaN,NaN,NaN,NaN
1529.56733587009,46.8600171100864,5.28460553208642,2.00546573788642,0.835077585086416,0.580431532086416,0.0315042970864159,0.0228297390864158,0.010408127086416,0.00245022908641568,0.000943603086415834,0.000151417086415861,2.21470864159024e-05,3.52608641573937e-06,6.21086416074945e-07,1.15086415952703e-07,2.50864160555864e-08,2.50864160555864e-08,2.50864160555864e-08,NaN,NaN,NaN,NaN,NaN,NaN,NaN,NaN,NaN,NaN,NaN,NaN,NaN,NaN,NaN,NaN,NaN,NaN,NaN,NaN,NaN,NaN,NaN
0.784133,0.784133,0.794133,0.794133,0.794133,0.804133,0.804133,0.814133,0.814133,0.824133,0.824133,0.834133,0.834133,0.844133,0.864133,0.874133,0.894133,0.914133,0.924133,0.944133,0.954133,0.974133,0.984133,1.004133,1.014133,1.034133,NaN,NaN,NaN,NaN,NaN,NaN,NaN,NaN,NaN,NaN,NaN,NaN,NaN,NaN,NaN,NaN
1571.30750252317,35.5276253531709,2.7773468971709,0.503995095170903,0.398450399170903,0.064962032170903,0.0202956831709029,0.00687610217090295,0.00187851517090309,0.000610758170902947,8.3647170902923e-05,1.13301709030456e-05,1.78417090301863e-06,2.97170902996413e-07,2.97170902996413e-07,5.11709030703855e-08,5.01709029876451e-08,5.01709029876451e-08,1.17090293016986e-09,4.82909690013855e-09,7.82909692631506e-09,7.82909692631506e-09,5.82909698287892e-09,5.82909698287892e-09,5.82909698287892e-09,5.82909698287892e-09,NaN,NaN,NaN,NaN,NaN,NaN,NaN,NaN,NaN,NaN,NaN,NaN,NaN,NaN,NaN,NaN
0.773483,0.773483,0.783483,0.783483,0.793483,0.793483,0.803483,0.803483,0.813483,0.813483,0.823483,0.823483,0.823483,0.833483,0.833483,0.853483,0.873483,0.893483,0.913483,0.923483,0.943483,0.963483,0.973483,NaN,NaN,NaN,NaN,NaN,NaN,NaN,NaN,NaN,NaN,NaN,NaN,NaN,NaN,NaN,NaN,NaN,NaN,NaN
1619.4330658999,52.8398746299036,5.82955937290356,2.16115872840356,0.980217280903558,0.721941638903558,0.0670051919035575,0.0235307379035574,0.0113754079035577,0.00282074190355752,0.0011207409035574,0.00025285990355739,3.95029035575867e-05,5.88290355763021e-06,9.92903557595071e-07,1.78903557745969e-07,1.72903557693616e-07,1.72903557693616e-07,1.72903557693616e-07,3.19035575735427e-08,2.19035576343174e-08,2.19035576343174e-08,2.19035576343174e-08,NaN,NaN,NaN,NaN,NaN,NaN,NaN,NaN,NaN,NaN,NaN,NaN,NaN,NaN,NaN,NaN,NaN,NaN,NaN
0.813495,0.813495,0.823495,0.823495,0.833495,0.833495,0.833495,0.843495,0.843495,0.853495,0.853495,0.863495,0.863495,0.873495,0.893495,0.913495,0.923495,0.943495,0.963495,NaN,NaN,NaN,NaN,NaN,NaN,NaN,NaN,NaN,NaN,NaN,NaN,NaN,NaN,NaN,NaN,NaN,NaN,NaN,NaN,NaN,NaN,NaN
1324.24506120919,38.914301429189,4.57183236518899,1.77610392178899,0.575910245188989,0.382258952188989,0.0184556451889892,0.0131964031889891,0.00435867618898911,0.00118264118898903,0.000208431188989167,3.02731889889607e-05,4.21518898896522e-06,7.06188989063605e-07,1.29188989284046e-07,1.29188989284046e-07,2.41889890340019e-08,2.41889890340019e-08,2.41889890340019e-08,NaN,NaN,NaN,NaN,NaN,NaN,NaN,NaN,NaN,NaN,NaN,NaN,NaN,NaN,NaN,NaN,NaN,NaN,NaN,NaN,NaN,NaN,NaN
0.816187,0.816187,0.826187,0.826187,0.836187,0.836187,0.846187,0.846187,0.856187,0.856187,0.866187,0.866187,0.876187,0.876187,0.886187,0.906187,0.916187,0.936187,0.956187,NaN,NaN,NaN,NaN,NaN,NaN,NaN,NaN,NaN,NaN,NaN,NaN,NaN,NaN,NaN,NaN,NaN,NaN,NaN,NaN,NaN,NaN,NaN
1263.52968024531,37.17078372531,4.41139529930999,1.78228817660999,0.815384806309986,0.653344036309986,0.0814289363099858,0.0115884143099856,0.00742381830998573,0.00220636830998577,0.000730153309985493,0.000121395309985672,1.71523099856685e-05,2.45830998579777e-06,4.10309985543478e-07,7.43099857203333e-08,4.73099857067893e-08,4.73099857067893e-08,4.73099857067893e-08,NaN,NaN,NaN,NaN,NaN,NaN,NaN,NaN,NaN,NaN,NaN,NaN,NaN,NaN,NaN,NaN,NaN,NaN,NaN,NaN,NaN,NaN,NaN
2.277124,2.277124,2.287124,2.287124,2.297124,2.297124,2.297124,2.307124,2.307124,2.317124,2.317124,2.327124,2.327124,2.337124,2.357124,2.367124,2.387124,2.407124,2.427124,2.437124,2.457124,2.477124,2.497124,NaN,NaN,NaN,NaN,NaN,NaN,NaN,NaN,NaN,NaN,NaN,NaN,NaN,NaN,NaN,NaN,NaN,NaN,NaN
1639.69214757464,33.4641193046387,2.79318937163869,0.479320232638693,0.375087081638692,0.0662426396386926,0.0276271286386924,0.00849543163869249,0.00212292763869248,0.000766836638692592,9.62826386925464e-05,1.50376386924833e-05,2.51263869244234e-06,4.31638692566239e-07,4.31638692566239e-07,8.06386926122116e-08,8.06386926122116e-08,8.06386926122116e-08,1.5638692563158e-08,6.38692432275434e-10,4.36130753733721e-09,4.36130753733721e-09,4.36130753733721e-09,NaN,NaN,NaN,NaN,NaN,NaN,NaN,NaN,NaN,NaN,NaN,NaN,NaN,NaN,NaN,NaN,NaN,NaN,NaN
2.290639,2.300639,2.300639,2.310639,2.320639,2.320639,2.330639,2.330639,2.340639,2.340639,2.350639,2.350639,2.360639,2.370639,2.390639,2.420639,2.440639,2.460639,2.470639,2.490639,2.520639,NaN,NaN,NaN,NaN,NaN,NaN,NaN,NaN,NaN,NaN,NaN,NaN,NaN,NaN,NaN,NaN,NaN,NaN,NaN,NaN,NaN
1127.18791781887,29.7304243888685,3.70569594586852,1.51310076786852,0.327152336868521,0.195138182868521,0.0181114968685208,0.0106396108685205,0.00299140486852068,0.00104351186852059,0.00014204886852065,1.70088685207404e-05,2.59686852066565e-06,4.49868520657759e-07,7.88685206032369e-08,7.5868520799105e-08,7.5868520799105e-08,7.5868520799105e-08,8.86852058457066e-09,8.86852058457066e-09,8.86852058457066e-09,NaN,NaN,NaN,NaN,NaN,NaN,NaN,NaN,NaN,NaN,NaN,NaN,NaN,NaN,NaN,NaN,NaN,NaN,NaN,NaN,NaN
0.736779,0.736779,0.746779,0.746779,0.746779,0.756779,0.756779,0.766779,0.766779,0.776779,0.776779,0.786779,0.786779,0.796779,0.816779,0.836779,0.856779,0.876779,NaN,NaN,NaN,NaN,NaN,NaN,NaN,NaN,NaN,NaN,NaN,NaN,NaN,NaN,NaN,NaN,NaN,NaN,NaN,NaN,NaN,NaN,NaN,NaN
1301.51543302711,40.2949191071076,4.69299083710761,1.85380094270761,0.724719036107611,0.484143542107611,0.0203521471076109,0.016300300107611,0.00690270010761074,0.00125525810761085,0.000351976107610952,6.29011076109798e-05,9.8051076107275e-06,1.33410761105068e-06,1.33410761105068e-06,2.09107610782411e-07,2.09107610782411e-07,2.09107610782411e-07,NaN,NaN,NaN,NaN,NaN,NaN,NaN,NaN,NaN,NaN,NaN,NaN,NaN,NaN,NaN,NaN,NaN,NaN,NaN,NaN,NaN,NaN,NaN,NaN
0.771171,0.771171,0.781171,0.781171,0.781171,0.791171,0.791171,0.801171,0.801171,0.811171,0.811171,0.821171,0.821171,0.831171,0.851171,0.861171,0.881171,0.901171,NaN,NaN,NaN,NaN,NaN,NaN,NaN,NaN,NaN,NaN,NaN,NaN,NaN,NaN,NaN,NaN,NaN,NaN,NaN,NaN,NaN,NaN,NaN,NaN
1490.55959620627,30.3890497662709,2.49383116027085,0.414231591270853,0.368864992270853,0.0579439082708531,0.0241146352708532,0.00793237527085311,0.0021541692708531,0.000779616270853101,0.000103625270853058,1.37812708531637e-05,2.10527085320322e-06,3.42270853215254e-07,5.92708531144126e-08,4.82708530924469e-08,4.82708530924469e-08,4.82708530924469e-08,NaN,NaN,NaN,NaN,NaN,NaN,NaN,NaN,NaN,NaN,NaN,NaN,NaN,NaN,NaN,NaN,NaN,NaN,NaN,NaN,NaN,NaN,NaN,NaN
0.801078,0.801078,0.811078,0.811078,0.821078,0.821078,0.831078,0.831078,0.841078,0.841078,0.851078,0.851078,0.861078,0.861078,0.881078,0.891078,0.911078,0.931078,0.951078,0.971078,0.981078,1.001078,NaN,NaN,NaN,NaN,NaN,NaN,NaN,NaN,NaN,NaN,NaN,NaN,NaN,NaN,NaN,NaN,NaN,NaN,NaN,NaN
1573.10592581449,50.2460807944898,5.52460449548976,2.05126610488976,0.924456743489763,0.636500440489763,0.0327005604897628,0.0223768394897625,0.0104693354897627,0.00266157548976276,0.000999382489762723,0.000222557489762742,3.64684897626866e-05,5.34848976263547e-06,8.61489762638001e-07,1.53489762677594e-07,2.54897627449679e-08,2.54897627449679e-08,2.54897627449679e-08,2.44897626622276e-08,2.44897626622276e-08,2.44897626622276e-08,NaN,NaN,NaN,NaN,NaN,NaN,NaN,NaN,NaN,NaN,NaN,NaN,NaN,NaN,NaN,NaN,NaN,NaN,NaN,NaN
0.823725,0.823725,0.833725,0.833725,0.843725,0.843725,0.853725,0.853725,0.863725,0.863725,0.873725,0.873725,0.883725,0.893725,0.913725,0.923725,0.953725,0.973725,0.993725,1.003725,1.023725,1.043725,1.053725,1.073725,1.093725,1.113725,1.123725,1.143725,1.163725,1.183725,1.203725,NaN,NaN,NaN,NaN,NaN,NaN,NaN,NaN,NaN,NaN,NaN
1307.40341945932,24.3878933893241,1.95270432232406,0.308590134324063,0.325586909324063,0.0450850463240631,0.0177536143240631,0.00691467932406309,0.00217795732406323,0.000790969324063084,8.29503240631357e-05,1.07633240631344e-05,1.65832406318067e-06,2.74324063243014e-07,4.7324063112697e-08,2.83240630949422e-08,2.83240630949422e-08,2.6324063151506e-08,2.6324063151506e-08,2.6324063151506e-08,2.83240630949422e-08,2.83240630949422e-08,2.23240630425892e-08,1.33240631861042e-08,1.23240631033639e-08,1.23240631033639e-08,1.03240631599277e-08,9.32406307718736e-09,9.32406307718736e-09,9.32406307718736e-09,9.32406307718736e-09,NaN,NaN,NaN,NaN,NaN,NaN,NaN,NaN,NaN,NaN,NaN
0.780223,0.780223,0.790223,0.790223,0.790223,0.800223,0.800223,0.810223,0.810223,0.820223,0.820223,0.820223,0.830223,0.830223,0.850223,0.870223,0.880223,0.900223,0.920223,0.940223,0.950223,0.970223,0.990223,1.010223,1.020223,1.040223,1.060223,NaN,NaN,NaN,NaN,NaN,NaN,NaN,NaN,NaN,NaN,NaN,NaN,NaN,NaN,NaN
1247.3713381255,22.0339067155014,1.84153941250137,0.257856827501369,0.302838831501369,0.040465173501369,0.017972877501369,0.0073288265013689,0.00222003150136896,0.000842335501368918,9.93815013690114e-05,1.05435013690869e-05,1.49950136907329e-06,2.39501368959338e-07,4.05013689253053e-08,4.05013689253053e-08,4.05013689253053e-08,3.35013690122565e-08,2.05013690468547e-08,1.95013689641144e-08,1.35013689117613e-08,1.35013689117613e-08,1.04986310756061e-08,1.04986310756061e-08,3.49863094051273e-09,3.49863094051273e-09,3.49863094051273e-09,NaN,NaN,NaN,NaN,NaN,NaN,NaN,NaN,NaN,NaN,NaN,NaN,NaN,NaN,NaN
0.820769,0.820769,0.830769,0.830769,0.840769,0.840769,0.850769,0.850769,0.860769,0.860769,0.870769,0.870769,0.880769,0.880769,0.890769,0.910769,0.930769,0.950769,0.970769,0.980769,0.990769,1.010769,1.020769,1.040769,1.060769,NaN,NaN,NaN,NaN,NaN,NaN,NaN,NaN,NaN,NaN,NaN,NaN,NaN,NaN,NaN,NaN,NaN
1630.54100486425,35.6022320442531,2.95031200325305,0.523745725253051,0.499295305253051,0.280356245253051,0.0357656342530512,0.0205560262530511,0.00890308825305119,0.00273422525305111,0.000913564253051113,0.00011461525305112,1.77712530511354e-05,2.97825305106691e-06,5.12253051088152e-07,9.22530511981989e-08,8.52530510631055e-08,8.52530510631055e-08,8.52530510631055e-08,1.92530511533562e-08,1.32530511010032e-08,7.25305127069475e-09,9.25305121413089e-09,9.25305121413089e-09,9.25305121413089e-09,NaN,NaN,NaN,NaN,NaN,NaN,NaN,NaN,NaN,NaN,NaN,NaN,NaN,NaN,NaN,NaN,NaN
0.781872,0.781872,0.791872,0.791872,0.801872,0.801872,0.811872,0.811872,0.811872,0.821872,0.821872,0.831872,0.831872,0.841872,0.861872,0.871872,0.881872,0.911872,0.921872,0.941872,0.951872,0.971872,0.991872,NaN,NaN,NaN,NaN,NaN,NaN,NaN,NaN,NaN,NaN,NaN,NaN,NaN,NaN,NaN,NaN,NaN,NaN,NaN
1207.48710624765,34.4774576176504,4.27355636065035,1.77189309795035,0.592507801650353,0.367605106650352,0.0297000156503526,0.0210386866503525,0.00786966765035269,0.00173760165035253,0.000404401650352604,6.3401650352457e-05,8.27665035263436e-06,1.22265035251701e-06,9.66650352651754e-07,9.14650352346058e-07,1.40650352253857e-07,1.40650352253857e-07,1.40650352253857e-07,1.96503524563241e-08,1.56503525694518e-08,1.56503525694518e-08,1.56503525694518e-08,NaN,NaN,NaN,NaN,NaN,NaN,NaN,NaN,NaN,NaN,NaN,NaN,NaN,NaN,NaN,NaN,NaN,NaN,NaN
0.772292,0.772292,0.782292,0.782292,0.792292,0.792292,0.792292,0.802292,0.802292,0.812292,0.812292,0.822292,0.822292,0.832292,0.842292,0.852292,0.862292,0.882292,0.902292,0.912292,0.932292,0.952292,0.962292,0.982292,1.002292,1.022292,1.042292,1.062292,NaN,NaN,NaN,NaN,NaN,NaN,NaN,NaN,NaN,NaN,NaN,NaN,NaN,NaN
1558.46379977019,34.7460560001893,2.68949378018931,0.517263408189312,0.493241685189312,0.227306642189312,0.0330588731893118,0.0203668851893117,0.00653589518931175,0.00185146218931176,0.00047252818931165,6.31061893117124e-05,1.02391893117559e-05,1.73318931162569e-06,3.00189311630561e-07,5.41893117045333e-08,5.01893115956165e-08,4.81893116521803e-08,5.01893115956165e-08,5.01893115956165e-08,5.01893115956165e-08,5.01893115956165e-08,1.51893118083279e-08,1.18931176018577e-09,1.18931176018577e-09,1.18931176018577e-09,3.81068820942687e-09,3.81068820942687e-09,NaN,NaN,NaN,NaN,NaN,NaN,NaN,NaN,NaN,NaN,NaN,NaN,NaN,NaN
1.73354,1.73354,1.74354,1.74354,1.75354,1.75354,1.76354,1.76354,1.77354,1.77354,1.78354,1.79354,1.79354,1.81354,1.83354,1.85354,1.87354,1.89354,1.92354,1.93354,1.95354,1.97354,1.99354,2.01354,2.03354,NaN,NaN,NaN,NaN,NaN,NaN,NaN,NaN,NaN,NaN,NaN,NaN,NaN,NaN,NaN,NaN,NaN
1239.99046497574,21.5550993657381,1.7677463867381,0.262889437738102,0.266374558738103,0.0461814947381025,0.0160493427381025,0.00490865873810242,0.00144895673810241,0.000527830738102475,7.79777381023639e-05,9.43773810235804e-06,1.0947381023918e-06,1.61738102466558e-07,2.87381025643185e-08,2.37381023726613e-08,2.17381024292251e-08,2.17381024292251e-08,2.17381024292251e-08,3.73810249421069e-09,1.73810255077456e-09,1.73810255077456e-09,1.12618976366718e-08,1.12618976366718e-08,1.12618976366718e-08,NaN,NaN,NaN,NaN,NaN,NaN,NaN,NaN,NaN,NaN,NaN,NaN,NaN,NaN,NaN,NaN,NaN
0.808655,0.808655,0.818655,0.818655,0.828655,0.828655,0.838655,0.838655,0.848655,0.848655,0.858655,0.858655,0.868655,0.878655,0.888655,0.908655,0.928655,0.948655,0.958655,0.978655,0.998655,1.018655,NaN,NaN,NaN,NaN,NaN,NaN,NaN,NaN,NaN,NaN,NaN,NaN,NaN,NaN,NaN,NaN,NaN,NaN,NaN,NaN
1551.56756719242,31.6354503124245,2.63275857542452,0.428072821424522,0.361589929424522,0.0608477144245219,0.025833360424522,0.00798576442452181,0.00210361142452187,0.000772383424521905,0.000113809424521882,1.55174245219936e-05,2.24142452198706e-06,3.68424522001476e-07,6.1424521913267e-08,6.1424521913267e-08,6.1424521913267e-08,7.42452188617904e-09,5.75478109610117e-10,1.05754780488354e-08,1.05754780488354e-08,1.05754780488354e-08,NaN,NaN,NaN,NaN,NaN,NaN,NaN,NaN,NaN,NaN,NaN,NaN,NaN,NaN,NaN,NaN,NaN,NaN,NaN,NaN
0.830479,0.830479,0.840479,0.840479,0.850479,0.850479,0.860479,0.860479,0.870479,0.880479,0.880479,0.890479,0.890479,0.900479,0.910479,0.930479,0.950479,0.970479,0.990479,1.000479,1.020479,1.040479,1.060479,1.080479,1.090479,1.110479,1.130479,NaN,NaN,NaN,NaN,NaN,NaN,NaN,NaN,NaN,NaN,NaN,NaN,NaN,NaN,NaN
1556.01639927962,48.056903529623,5.41955375962299,2.02332278752299,0.780842319622986,0.564451955622987,0.0419079566229863,0.0242697036229864,0.0107520096229865,0.0023866816229865,0.00101531462298654,0.00016546562298636,2.42196229862657e-05,3.82862298620168e-06,6.73622986280265e-07,1.23622986514249e-07,1.21622986348768e-07,1.21622986348768e-07,1.19622986627377e-07,1.0662298643993e-07,1.0662298643993e-07,6.26229863520678e-08,6.26229863520678e-08,6.26229863520678e-08,5.76229863824551e-08,5.76229863824551e-08,5.76229863824551e-08,NaN,NaN,NaN,NaN,NaN,NaN,NaN,NaN,NaN,NaN,NaN,NaN,NaN,NaN,NaN
0.753239,0.753239,0.763239,0.763239,0.763239,0.773239,0.773239,0.783239,0.783239,0.793239,0.793239,0.803239,0.803239,0.803239,0.823239,0.833239,0.853239,0.863239,0.883239,0.903239,0.923239,0.943239,0.953239,0.973239,0.993239,1.013239,1.033239,1.043239,1.053239,1.073239,1.093239,1.113239,NaN,NaN,NaN,NaN,NaN,NaN,NaN,NaN,NaN,NaN
1626.49922052321,54.5915066832116,5.96706558221163,2.23429093011163,1.08653007621163,0.799481410211634,0.109859192211634,0.0186123292116345,0.0100956352116346,0.00221981021163442,0.000761311211634474,0.000117692211634601,2.14242116345353e-05,4.01321163456814e-06,7.5621163420081e-07,7.46211634261584e-07,7.36211634322359e-07,7.33211634518227e-07,7.33211634518227e-07,7.33211634518227e-07,7.33211634518227e-07,7.33211634518227e-07,1.38211634581609e-07,1.10211634485324e-07,1.06211634598452e-07,1.05211634515712e-07,8.72116343586526e-08,8.12116343062996e-08,2.32116343923394e-08,1.52116346185949e-08,1.52116346185949e-08,1.52116346185949e-08,NaN,NaN,NaN,NaN,NaN,NaN,NaN,NaN,NaN,NaN
0.816879,0.816879,0.826879,0.826879,0.836879,0.836879,0.846879,0.846879,0.856879,0.856879,0.866879,0.866879,0.876879,0.886879,0.906879,0.916879,0.936879,0.956879,0.976879,0.986879,0.996879,1.016879,1.036879,1.046879,1.066879,1.086879,NaN,NaN,NaN,NaN,NaN,NaN,NaN,NaN,NaN,NaN,NaN,NaN,NaN,NaN,NaN,NaN
1230.8607327569,36.1460127768962,4.23259518089615,1.68802220159615,0.749217505896152,0.583986588896152,0.0694440618961525,0.0133041298961523,0.00617188589615214,0.00120197589615234,0.000291982896152287,3.57848961520801e-05,5.38389615245549e-06,9.59896152341599e-07,1.78896152114305e-07,1.77896152475654e-07,1.77896152475654e-07,1.77896152475654e-07,1.40896152078795e-07,7.8896152277963e-08,7.08961520601292e-08,5.48961520685509e-08,5.48961520685509e-08,7.89615217655637e-09,7.89615217655637e-09,7.89615217655637e-09,NaN,NaN,NaN,NaN,NaN,NaN,NaN,NaN,NaN,NaN,NaN,NaN,NaN,NaN,NaN,NaN
0.757443,0.757443,0.767443,0.767443,0.777443,0.777443,0.777443,0.787443,0.787443,0.797443,0.797443,0.807443,0.807443,0.807443,0.827443,0.837443,0.847443,0.857443,0.877443,0.887443,0.907443,0.917443,0.937443,0.957443,0.977443,0.997443,1.017443,NaN,NaN,NaN,NaN,NaN,NaN,NaN,NaN,NaN,NaN,NaN,NaN,NaN,NaN,NaN
1210.48114202982,32.6279397398152,3.97312638481519,1.66298501451519,1.54263226811519,0.985233424815193,0.289674790815193,0.0460209588151925,0.0200109968151927,0.00612184281519257,0.00159097781519257,0.000346906815192671,5.87588151925722e-05,1.07498151926677e-05,1.94781519269327e-06,1.74981519274198e-06,3.21815192716457e-07,1.77815192792252e-07,2.18151927633414e-08,3.18480752881101e-09,6.18480733294291e-09,6.18480733294291e-09,1.01848072198152e-08,1.01848072198152e-08,4.18480716746217e-09,4.18480716746217e-09,4.18480716746217e-09,NaN,NaN,NaN,NaN,NaN,NaN,NaN,NaN,NaN,NaN,NaN,NaN,NaN,NaN,NaN
0.827197,0.827197,0.837197,0.837197,0.847197,0.847197,0.857197,0.857197,0.867197,0.867197,0.877197,0.877197,0.887197,0.887197,0.897197,0.907197,0.927197,0.937197,0.957197,0.977197,0.987197,1.007197,1.027197,1.037197,1.057197,1.077197,1.097197,NaN,NaN,NaN,NaN,NaN,NaN,NaN,NaN,NaN,NaN,NaN,NaN,NaN,NaN,NaN
1691.36007133917,54.0100149991692,6.02315289716919,2.22578816366919,0.913310292169191,0.655262359169191,0.0520847741691908,0.0273067951691908,0.0116614601691909,0.00205386216919079,0.000948808169190851,0.00012825216919099,2.20021691910155e-05,4.02116919095974e-06,7.50169190766314e-07,4.47169191009067e-07,4.47169191009067e-07,4.21169191078263e-07,4.19169190912783e-07,7.01691909021918e-08,6.51691909325791e-08,6.31691907670984e-08,6.31691907670984e-08,2.01691907619761e-08,3.83080900334676e-09,3.83080900334676e-09,3.83080900334676e-09,NaN,NaN,NaN,NaN,NaN,NaN,NaN,NaN,NaN,NaN,NaN,NaN,NaN,NaN,NaN
0.844531,0.844531,0.854531,0.854531,0.864531,0.864531,0.874531,0.874531,0.884531,0.884531,0.894531,0.894531,0.894531,0.904531,0.914531,0.934531,0.954531,0.974531,0.984531,1.004531,1.024531,1.034531,1.054531,1.074531,1.094531,1.114531,1.124531,1.144531,1.154531,1.164531,1.184531,1.204531,NaN,NaN,NaN,NaN,NaN,NaN,NaN,NaN,NaN,NaN
1167.85693790523,19.7075844652287,1.64497860822872,0.216290988228716,0.232926651228716,0.113398086228716,0.0164097282287163,0.0094031462287163,0.00290182822871632,0.000595619228716426,0.000171440228716291,1.86482287163336e-05,2.81322871642509e-06,4.62228716413549e-07,7.62287164501885e-08,7.62287164501885e-08,7.62287164501885e-08,7.22287163412716e-08,6.92287163150951e-08,6.52287164282228e-08,6.32287162627421e-08,6.12287163193059e-08,6.12287163193059e-08,5.82287162931294e-08,5.62287163496933e-08,5.62287163496933e-08,4.42287164670319e-08,2.28716379169214e-10,1.3228716344571e-08,9.22871645769874e-09,9.22871645769874e-09,9.22871645769874e-09,NaN,NaN,NaN,NaN,NaN,NaN,NaN,NaN,NaN,NaN
1.975468,1.985468,1.985468,1.995468,1.995468,2.005468,2.015468,2.015468,2.025468,2.025468,2.035468,2.035468,2.045468,2.055468,2.065468,2.075468,2.095468,2.115468,2.135468,2.155468,2.175468,2.185468,2.205468,2.225468,NaN,NaN,NaN,NaN,NaN,NaN,NaN,NaN,NaN,NaN,NaN,NaN,NaN,NaN,NaN,NaN,NaN,NaN
1294.21491987173,22.8831358017251,1.90009931672514,0.289218843725138,0.292296066725138,0.0473842607251382,0.0222813627251381,0.00688229572513821,0.00180952972513815,0.000675568725138298,9.15427251382273e-05,1.05067251381374e-05,1.42472513831038e-06,2.21725138249695e-07,3.57251381810642e-08,3.72513819790754e-09,2.72513811516717e-09,2.72513811516717e-09,2.74861688964734e-10,2.74861688964734e-10,2.74861688964734e-10,2.72513811516717e-09,2.72513811516717e-09,2.72513811516717e-09,NaN,NaN,NaN,NaN,NaN,NaN,NaN,NaN,NaN,NaN,NaN,NaN,NaN,NaN,NaN,NaN,NaN,NaN
0.827219,0.827219,0.837219,0.837219,0.847219,0.847219,0.847219,0.857219,0.857219,0.867219,0.877219,0.877219,0.887219,0.897219,0.907219,0.927219,0.947219,0.967219,0.977219,0.997219,1.017219,1.037219,1.057219,1.067219,1.087219,1.107219,1.127219,1.137219,1.157219,1.167219,1.187219,1.207219,NaN,NaN,NaN,NaN,NaN,NaN,NaN,NaN,NaN,NaN
1676.40552612677,35.9983278767724,2.86724311477236,0.543440845772363,0.440477282772363,0.0695254027723633,0.0315702227723633,0.0104542207723632,0.00270676177236329,0.000976059772363369,0.000122542772363232,1.89987723633323e-05,3.13077236335779e-06,5.36772363224358e-07,4.2577236336605e-07,4.2477236328331e-07,4.20772363174393e-07,4.19772363313697e-07,2.45772363349772e-07,2.44772363267032e-07,2.43772363184291e-07,2.38772363214679e-07,2.38772363214679e-07,2.35772363188502e-07,2.33772363245066e-07,2.33772363245066e-07,2.33772363245066e-07,3.97723631806457e-08,2.97723632414204e-08,2.17723632456313e-08,2.17723632456313e-08,2.17723632456313e-08,NaN,NaN,NaN,NaN,NaN,NaN,NaN,NaN,NaN,NaN
